ts,o,h,l,c
2019/09/17,10249.68000000,10275.00000000,10128.01000000,10187.82000000
2019/09/18,10187.48000000,10258.02000000,10100.00000000,10156.99000000
2019/09/19,10156.41000000,10325.00000000,9653.00000000,10244.29000000
2019/09/20,10243.70000000,10281.00000000,10061.39000000,10168.59000000
2019/09/21,10167.92000000,10176.70000000,9900.00000000,9986.39000000
2019/09/22,9985.15000000,10089.00000000,9853.97000000,10028.87000000
2019/09/23,10028.05000000,10049.99000000,9615.77000000,9702.25000000
2019/09/24,9702.20000000,9794.99000000,7800.00000000,8493.14000000
2019/09/25,8497.55000000,8730.00000000,8215.64000000,8430.05000000
2019/09/26,8430.05000000,8465.99000000,7750.00000000,8063.73000000
2019/09/27,8063.49000000,8265.00000000,7852.15000000,8177.91000000
2019/09/28,8177.47000000,8315.00000000,8001.09000000,8198.81000000
2019/09/29,8199.38000000,8229.13000000,7890.00000000,8043.82000000
2019/09/30,8043.04000000,8337.26000000,7710.00000000,8289.34000000
2019/10/01,8289.97000000,8500.00000000,8173.05000000,8292.44000000
2019/10/02,8292.67000000,8373.91000000,8151.22000000,8359.94000000
2019/10/03,8360.00000000,8393.00000000,8060.00000000,8223.96000000
2019/10/04,8224.43000000,8232.41000000,8005.00000000,8137.13000000
2019/10/05,8137.09000000,8183.41000000,8012.98000000,8126.19000000
2019/10/06,8127.55000000,8153.87000000,7785.00000000,7854.25000000
2019/10/07,7855.30000000,8299.92000000,7762.00000000,8190.09000000
2019/10/08,8190.82000000,8325.00000000,8088.75000000,8168.39000000
2019/10/09,8170.79000000,8670.00000000,8115.00000000,8560.74000000
2019/10/10,8562.15000000,8644.00000000,8414.52000000,8558.03000000
2019/10/11,8557.82000000,8779.51000000,8212.38000000,8258.50000000
2019/10/12,8257.95000000,8400.00000000,8250.00000000,8300.09000000
2019/10/13,8301.98000000,8451.37000000,8160.00000000,8275.01000000
2019/10/14,8275.24000000,8388.85000000,8203.00000000,8348.20000000
2019/10/15,8346.86000000,8403.00000000,8090.00000000,8159.29000000
2019/10/16,8159.30000000,8181.16000000,7917.00000000,7991.74000000
2019/10/17,7995.02000000,8124.92000000,7929.03000000,8070.58000000
2019/10/18,8070.71000000,8115.00000000,7816.01000000,7947.01000000
2019/10/19,7946.89000000,8098.10000000,7866.92000000,7948.01000000
2019/10/20,7949.87000000,8297.00000000,7870.00000000,8223.35000000
2019/10/21,8223.35000000,8333.00000000,8142.03000000,8197.27000000
2019/10/22,8197.28000000,8297.99000000,8000.00000000,8020.00000000
2019/10/23,8020.06000000,8047.59000000,7300.00000000,7466.62000000
2019/10/24,7468.47000000,7503.68000000,7337.99000000,7412.41000000
2019/10/25,7412.41000000,8799.00000000,7361.00000000,8655.02000000
2019/10/26,8655.88000000,10370.00000000,8470.38000000,9230.00000000
2019/10/27,9230.00000000,9794.98000000,9074.34000000,9529.93000000
2019/10/28,9528.23000000,9902.10000000,9160.00000000,9205.14000000
2019/10/29,9204.45000000,9550.00000000,9072.00000000,9407.62000000
2019/10/30,9407.62000000,9409.84000000,9001.01000000,9154.72000000
2019/10/31,9154.02000000,9405.00000000,8913.00000000,9140.85000000
2019/11/01,9140.86000000,9279.00000000,9030.00000000,9231.61000000
2019/11/02,9231.40000000,9373.74000000,9186.21000000,9289.52000000
2019/11/03,9289.85000000,9362.57000000,9066.14000000,9194.71000000
2019/11/04,9196.46000000,9513.68000000,9115.84000000,9393.35000000
2019/11/05,9392.40000000,9454.95000000,9175.76000000,9308.66000000
2019/11/06,9307.73000000,9440.91000000,9250.01000000,9339.05000000
2019/11/07,9339.16000000,9375.00000000,9101.00000000,9216.20000000
2019/11/08,9214.00000000,9261.00000000,8696.00000000,8773.73000000
2019/11/09,8773.74000000,8880.00000000,8724.88000000,8809.41000000
2019/11/10,8809.18000000,9147.19000000,8750.00000000,9039.47000000
2019/11/11,9040.16000000,9072.32000000,8618.68000000,8733.27000000
2019/11/12,8733.36000000,8888.00000000,8567.60000000,8821.94000000
2019/11/13,8821.91000000,8844.99000000,8702.00000000,8777.12000000
2019/11/14,8777.54000000,8800.00000000,8582.60000000,8646.68000000
2019/11/15,8646.38000000,8790.00000000,8400.00000000,8471.73000000
2019/11/16,8471.62000000,8543.00000000,8400.00000000,8491.02000000
2019/11/17,8490.74000000,8635.00000000,8350.68000000,8502.40000000
2019/11/18,8502.87000000,8503.52000000,8060.00000000,8187.17000000
2019/11/19,8186.50000000,8218.63000000,8003.00000000,8133.64000000
2019/11/20,8133.83000000,8264.29000000,8038.40000000,8098.01000000
2019/11/21,8098.56000000,8134.73000000,7500.00000000,7627.74000000
2019/11/22,7627.79000000,7750.00000000,6790.00000000,7268.23000000
2019/11/23,7268.23000000,7344.48000000,7080.01000000,7311.57000000
2019/11/24,7311.10000000,7330.39000000,6861.00000000,6903.28000000
2019/11/25,6900.23000000,7377.69000000,6515.00000000,7109.57000000
2019/11/26,7109.99000000,7340.00000000,7017.48000000,7156.14000000
2019/11/27,7154.75000000,7655.00000000,6840.00000000,7508.52000000
2019/11/28,7507.90000000,7643.00000000,7360.00000000,7419.49000000
2019/11/29,7418.52000000,7850.00000000,7362.30000000,7739.68000000
2019/11/30,7740.99000000,7810.00000000,7441.00000000,7541.89000000
2019/12/01,7540.63000000,7541.85000000,7210.00000000,7390.89000000
2019/12/02,7391.50000000,7420.56000000,7151.10000000,7294.28000000
2019/12/03,7294.42000000,7400.00000000,7241.35000000,7292.71000000
2019/12/04,7292.71000000,7750.00000000,7067.00000000,7194.32000000
2019/12/05,7194.59000000,7485.00000000,7150.00000000,7389.00000000
2019/12/06,7389.00000000,7590.03000000,7305.00000000,7527.47000000
2019/12/07,7527.80000000,7619.62000000,7470.16000000,7488.21000000
2019/12/08,7487.31000000,7564.00000000,7374.86000000,7510.11000000
2019/12/09,7510.11000000,7650.00000000,7273.00000000,7338.64000000
2019/12/10,7338.64000000,7407.60000000,7157.10000000,7224.13000000
2019/12/11,7224.15000000,7275.50000000,7125.66000000,7210.00000000
2019/12/12,7210.00000000,7295.00000000,7080.30000000,7198.08000000
2019/12/13,7197.76000000,7309.05000000,7190.76000000,7258.48000000
2019/12/14,7257.37000000,7271.77000000,7012.00000000,7064.05000000
2019/12/15,7064.14000000,7200.30000000,7008.35000000,7118.59000000
2019/12/16,7119.60000000,7150.00000000,6836.00000000,6891.72000000
2019/12/17,6891.44000000,6942.21000000,6560.00000000,6623.82000000
2019/12/18,6623.84000000,7440.00000000,6435.00000000,7277.83000000
2019/12/19,7277.83000000,7380.00000000,7038.31000000,7150.30000000
2019/12/20,7151.31000000,7220.00000000,7079.50000000,7187.83000000
2019/12/21,7188.01000000,7190.58000000,7105.00000000,7132.75000000
2019/12/22,7131.59000000,7518.54000000,7122.47000000,7501.44000000
2019/12/23,7500.71000000,7695.38000000,7265.84000000,7317.09000000
2019/12/24,7317.30000000,7436.68000000,7157.04000000,7255.77000000
2019/12/25,7255.77000000,7271.77000000,7128.86000000,7204.63000000
2019/12/26,7205.01000000,7435.00000000,7157.12000000,7202.00000000
2019/12/27,7202.00000000,7275.86000000,7076.42000000,7254.74000000
2019/12/28,7254.77000000,7365.01000000,7238.67000000,7316.14000000
2019/12/29,7315.36000000,7528.45000000,7288.00000000,7388.24000000
2019/12/30,7388.43000000,7408.24000000,7220.00000000,7246.00000000
2019/12/31,7246.00000000,7320.00000000,7145.01000000,7195.23000000
2020/01/01,7195.24000000,7255.00000000,7175.15000000,7200.85000000
2020/01/02,7200.77000000,7212.50000000,6924.74000000,6965.71000000
2020/01/03,6965.49000000,7405.00000000,6871.04000000,7344.96000000
2020/01/04,7345.00000000,7404.00000000,7272.21000000,7354.11000000
2020/01/05,7354.19000000,7495.00000000,7318.00000000,7358.75000000
2020/01/06,7357.64000000,7795.34000000,7346.76000000,7758.00000000
2020/01/07,7758.90000000,8207.68000000,7723.71000000,8145.28000000
2020/01/08,8145.92000000,8455.00000000,7870.00000000,8055.98000000
2020/01/09,8054.72000000,8055.96000000,7750.00000000,7817.76000000
2020/01/10,7817.74000000,8199.00000000,7672.00000000,8197.02000000
2020/01/11,8198.86000000,8286.34000000,8003.16000000,8020.01000000
2020/01/12,8020.01000000,8197.00000000,7960.00000000,8184.98000000
2020/01/13,8184.97000000,8196.00000000,8055.89000000,8110.34000000
2020/01/14,8110.34000000,8880.00000000,8105.54000000,8810.01000000
2020/01/15,8814.64000000,8916.48000000,8564.00000000,8821.41000000
2020/01/16,8820.01000000,8859.81000000,8586.00000000,8720.01000000
2020/01/17,8720.15000000,9041.65000000,8672.44000000,8913.28000000
2020/01/18,8913.27000000,8988.88000000,8806.38000000,8915.96000000
2020/01/19,8915.09000000,9198.98000000,8466.00000000,8701.70000000
2020/01/20,8701.72000000,8746.99000000,8521.28000000,8642.35000000
2020/01/21,8642.35000000,8789.00000000,8488.00000000,8736.03000000
2020/01/22,8736.04000000,8818.00000000,8590.00000000,8682.36000000
2020/01/23,8682.77000000,8691.81000000,8306.39000000,8404.52000000
2020/01/24,8404.52000000,8528.02000000,8238.00000000,8439.00000000
2020/01/25,8438.99000000,8451.26000000,8254.90000000,8340.58000000
2020/01/26,8340.01000000,8618.13000000,8293.66000000,8615.00000000
2020/01/27,8614.39000000,9000.00000000,8535.00000000,8907.57000000
2020/01/28,8907.57000000,9400.00000000,8862.40000000,9374.21000000
2020/01/29,9375.34000000,9449.24000000,9216.00000000,9301.53000000
2020/01/30,9301.57000000,9578.00000000,9204.44000000,9513.21000000
2020/01/31,9511.52000000,9530.22000000,9210.01000000,9352.89000000
2020/02/01,9351.71000000,9464.53000000,9281.00000000,9384.61000000
2020/02/02,9384.41000000,9477.03000000,9120.00000000,9331.51000000
2020/02/03,9331.59000000,9618.79000000,9234.00000000,9292.24000000
2020/02/04,9291.35000000,9350.00000000,9093.01000000,9197.02000000
2020/02/05,9197.02000000,9744.45000000,9177.22000000,9612.04000000
2020/02/06,9612.03000000,9862.57000000,9526.35000000,9772.00000000
2020/02/07,9772.00000000,9885.00000000,9730.00000000,9813.73000000
2020/02/08,9813.87000000,9940.00000000,9667.11000000,9895.05000000
2020/02/09,9895.04000000,10166.00000000,9880.75000000,10151.75000000
2020/02/10,10151.72000000,10188.00000000,9756.00000000,9851.83000000
2020/02/11,9851.74000000,10323.59000000,9700.00000000,10223.08000000
2020/02/12,10223.08000000,10450.00000000,10223.08000000,10326.46000000
2020/02/13,10325.33000000,10500.00000000,10080.00000000,10229.63000000
2020/02/14,10227.78000000,10381.56000000,10111.37000000,10344.36000000
2020/02/15,10344.36000000,10375.00000000,9801.00000000,9904.72000000
2020/02/16,9904.46000000,10050.00000000,9638.12000000,9917.27000000
2020/02/17,9910.70000000,9964.16000000,9452.67000000,9706.00000000
2020/02/18,9706.00000000,10250.00000000,9576.01000000,10164.71000000
2020/02/19,10164.78000000,10250.00000000,9350.00000000,9593.79000000
2020/02/20,9594.65000000,9699.00000000,9400.00000000,9596.42000000
2020/02/21,9597.21000000,9755.51000000,9550.21000000,9677.05000000
2020/02/22,9677.05000000,9709.17000000,9560.02000000,9650.86000000
2020/02/23,9650.85000000,9990.00000000,9645.00000000,9936.40000000
2020/02/24,9936.40000000,9990.00000000,9473.56000000,9656.13000000
2020/02/25,9655.52000000,9675.00000000,9250.00000000,9315.84000000
2020/02/26,9316.48000000,9377.44000000,8633.63000000,8785.25000000
2020/02/27,8786.00000000,8971.77000000,8531.00000000,8823.21000000
2020/02/28,8823.25000000,8900.00000000,8445.00000000,8692.91000000
2020/02/29,8690.80000000,8790.00000000,8523.55000000,8523.61000000
2020/03/01,8523.61000000,8750.00000000,8411.00000000,8531.88000000
2020/03/02,8530.30000000,8965.75000000,8498.00000000,8915.24000000
2020/03/03,8911.18000000,8919.65000000,8651.00000000,8760.07000000
2020/03/04,8760.07000000,8848.29000000,8660.00000000,8750.87000000
2020/03/05,8750.99000000,9159.42000000,8746.54000000,9054.68000000
2020/03/06,9054.64000000,9170.00000000,8985.50000000,9131.88000000
2020/03/07,9130.89000000,9188.00000000,8835.00000000,8886.66000000
2020/03/08,8885.25000000,8886.76000000,8000.00000000,8033.31000000
2020/03/09,8034.76000000,8179.31000000,7632.01000000,7929.87000000
2020/03/10,7929.87000000,8149.00000000,7728.01000000,7894.56000000
2020/03/11,7894.57000000,7980.00000000,7590.00000000,7934.52000000
2020/03/12,7934.58000000,7966.17000000,4410.00000000,4800.00000000
2020/03/13,4800.01000000,5955.00000000,3782.13000000,5578.60000000
2020/03/14,5576.05000000,5640.52000000,5055.13000000,5172.06000000
2020/03/15,5172.48000000,5940.00000000,5093.10000000,5361.30000000
2020/03/16,5360.33000000,5365.42000000,4442.12000000,5028.97000000
2020/03/17,5028.86000000,5525.00000000,4921.45000000,5312.64000000
2020/03/18,5312.64000000,5436.17000000,5009.37000000,5393.04000000
2020/03/19,5393.26000000,6400.00000000,5252.53000000,6162.37000000
2020/03/20,6162.05000000,6900.00000000,5670.00000000,6208.36000000
2020/03/21,6204.57000000,6456.98000000,5860.02000000,6186.98000000
2020/03/22,6187.04000000,6407.87000000,5734.01000000,5816.19000000
2020/03/23,5816.05000000,6600.00000000,5688.00000000,6467.31000000
2020/03/24,6465.25000000,6833.00000000,6371.33000000,6744.72000000
2020/03/25,6744.69000000,6957.96000000,6450.00000000,6677.43000000
2020/03/26,6677.42000000,6780.00000000,6510.00000000,6737.36000000
2020/03/27,6737.27000000,6842.59000000,6261.00000000,6359.11000000
2020/03/28,6359.11000000,6360.00000000,6024.00000000,6236.65000000
2020/03/29,6236.65000000,6266.00000000,5866.56000000,5881.42000000
2020/03/30,5880.50000000,6599.00000000,5857.76000000,6394.38000000
2020/03/31,6394.45000000,6523.23000000,6321.40000000,6410.44000000
2020/04/01,6412.14000000,6679.94000000,6150.11000000,6642.92000000
2020/04/02,6643.36000000,7198.00000000,6551.00000000,6794.09000000
2020/04/03,6793.86000000,7048.00000000,6602.10000000,6734.10000000
2020/04/04,6732.97000000,6990.41000000,6650.01000000,6856.99000000
2020/04/05,6857.41000000,6895.54000000,6677.52000000,6772.78000000
2020/04/06,6772.78000000,7355.14000000,6765.00000000,7329.90000000
2020/04/07,7329.90000000,7459.69000000,7077.00000000,7197.32000000
2020/04/08,7197.32000000,7420.00000000,7150.00000000,7361.28000000
2020/04/09,7360.26000000,7371.92000000,7108.08000000,7283.54000000
2020/04/10,7283.54000000,7295.75000000,6739.98000000,6858.92000000
2020/04/11,6858.92000000,6944.30000000,6760.00000000,6876.83000000
2020/04/12,6876.84000000,7177.00000000,6780.00000000,6903.79000000
2020/04/13,6903.79000000,6903.79000000,6575.00000000,6837.91000000
2020/04/14,6838.04000000,6978.00000000,6754.28000000,6868.70000000
2020/04/15,6868.57000000,6933.00000000,6605.00000000,6621.24000000
2020/04/16,6621.25000000,7190.00000000,6468.27000000,7101.94000000
2020/04/17,7101.99000000,7148.12000000,6972.98000000,7027.55000000
2020/04/18,7026.78000000,7293.08000000,7014.40000000,7248.60000000
2020/04/19,7248.60000000,7266.15000000,7055.60000000,7120.74000000
2020/04/20,7121.40000000,7220.00000000,6751.00000000,6826.83000000
2020/04/21,6828.98000000,6940.00000000,6762.00000000,6841.37000000
2020/04/22,6841.36000000,7156.38000000,6818.00000000,7125.14000000
2020/04/23,7125.12000000,7738.00000000,7020.00000000,7482.39000000
2020/04/24,7483.96000000,7615.96000000,7388.00000000,7505.00000000
2020/04/25,7505.00000000,7705.00000000,7431.07000000,7538.67000000
2020/04/26,7539.03000000,7700.00000000,7480.00000000,7693.10000000
2020/04/27,7693.10000000,7792.02000000,7606.00000000,7774.62000000
2020/04/28,7773.51000000,7780.00000000,7659.12000000,7738.98000000
2020/04/29,7738.58000000,8952.89000000,7710.05000000,8778.57000000
2020/04/30,8778.58000000,9460.00000000,8401.00000000,8620.00000000
2020/05/01,8620.00000000,9059.18000000,8613.56000000,8826.96000000
2020/05/02,8825.67000000,9010.00000000,8753.00000000,8972.05000000
2020/05/03,8972.58000000,9200.00000000,8712.00000000,8894.16000000
2020/05/04,8894.15000000,8950.00000000,8522.00000000,8871.96000000
2020/05/05,8871.92000000,9118.58000000,8760.00000000,9021.83000000
2020/05/06,9021.36000000,9395.00000000,8906.21000000,9142.92000000
2020/05/07,9143.40000000,10067.00000000,9021.00000000,9986.40000000
2020/05/08,9986.30000000,10035.96000000,9705.00000000,9800.01000000
2020/05/09,9800.02000000,9914.25000000,9520.00000000,9539.40000000
2020/05/10,9539.10000000,9574.83000000,8117.00000000,8722.77000000
2020/05/11,8722.77000000,9168.00000000,8200.00000000,8561.52000000
2020/05/12,8562.04000000,8978.26000000,8528.78000000,8810.79000000
2020/05/13,8810.99000000,9398.00000000,8792.99000000,9309.37000000
2020/05/14,9309.35000000,9939.00000000,9256.76000000,9791.98000000
2020/05/15,9791.97000000,9845.62000000,9150.00000000,9316.42000000
2020/05/16,9315.96000000,9588.00000000,9220.00000000,9381.27000000
2020/05/17,9380.81000000,9888.00000000,9322.10000000,9680.04000000
2020/05/18,9681.11000000,9950.00000000,9464.23000000,9733.93000000
2020/05/19,9733.93000000,9897.21000000,9474.00000000,9775.53000000
2020/05/20,9775.13000000,9842.00000000,9326.00000000,9511.43000000
2020/05/21,9511.43000000,9578.47000000,8815.00000000,9068.65000000
2020/05/22,9067.51000000,9271.00000000,8933.52000000,9170.00000000
2020/05/23,9170.00000000,9307.85000000,9070.00000000,9179.15000000
2020/05/24,9179.01000000,9298.00000000,8700.00000000,8720.34000000
2020/05/25,8718.14000000,8979.66000000,8642.72000000,8900.35000000
2020/05/26,8900.35000000,9017.67000000,8700.00000000,8841.18000000
2020/05/27,8841.00000000,9225.00000000,8811.73000000,9204.07000000
2020/05/28,9204.07000000,9625.47000000,9110.00000000,9575.89000000
2020/05/29,9575.87000000,9605.26000000,9330.00000000,9427.07000000
2020/05/30,9426.60000000,9740.00000000,9331.23000000,9697.72000000
2020/05/31,9697.72000000,9700.00000000,9381.41000000,9448.27000000
2020/06/01,9448.27000000,10380.00000000,9421.67000000,10200.77000000
2020/06/02,10202.71000000,10228.99000000,9266.00000000,9518.04000000
2020/06/03,9518.02000000,9690.00000000,9365.21000000,9666.24000000
2020/06/04,9666.32000000,9881.63000000,9450.00000000,9789.06000000
2020/06/05,9788.14000000,9854.75000000,9581.00000000,9621.16000000
2020/06/06,9621.17000000,9735.00000000,9531.05000000,9666.30000000
2020/06/07,9666.85000000,9802.00000000,9372.46000000,9746.99000000
2020/06/08,9746.99000000,9800.00000000,9633.00000000,9782.01000000
2020/06/09,9782.00000000,9877.00000000,9570.00000000,9772.43000000
2020/06/10,9772.44000000,9992.72000000,9704.18000000,9885.00000000
2020/06/11,9885.22000000,9964.00000000,9113.00000000,9280.40000000
2020/06/12,9278.88000000,9557.12000000,9232.51000000,9465.13000000
2020/06/13,9464.96000000,9494.73000000,9351.00000000,9473.34000000
2020/06/14,9473.34000000,9480.99000000,9245.00000000,9342.10000000
2020/06/15,9342.10000000,9495.00000000,8910.45000000,9426.02000000
2020/06/16,9426.05000000,9589.00000000,9373.09000000,9525.59000000
2020/06/17,9526.97000000,9565.00000000,9236.61000000,9465.14000000
2020/06/18,9465.13000000,9489.00000000,9280.00000000,9386.32000000
2020/06/19,9386.32000000,9438.30000000,9215.79000000,9310.23000000
2020/06/20,9310.23000000,9395.00000000,9170.95000000,9358.95000000
2020/06/21,9358.95000000,9422.00000000,9281.54000000,9294.69000000
2020/06/22,9294.69000000,9780.00000000,9277.09000000,9685.69000000
2020/06/23,9685.69000000,9720.00000000,9577.03000000,9624.89000000
2020/06/24,9624.33000000,9670.00000000,9208.00000000,9296.49000000
2020/06/25,9298.33000000,9340.00000000,9009.69000000,9249.49000000
2020/06/26,9249.49000000,9298.00000000,9045.45000000,9162.21000000
2020/06/27,9162.21000000,9196.24000000,8833.00000000,9012.00000000
2020/06/28,9012.00000000,9191.00000000,8948.06000000,9116.35000000
2020/06/29,9116.16000000,9238.00000000,9024.67000000,9192.56000000
2020/06/30,9192.93000000,9205.00000000,9064.89000000,9138.55000000
2020/07/01,9138.08000000,9292.00000000,9080.10000000,9232.00000000
2020/07/02,9231.99000000,9261.96000000,8940.00000000,9086.54000000
2020/07/03,9086.54000000,9125.00000000,9037.47000000,9058.26000000
2020/07/04,9057.79000000,9190.00000000,9040.04000000,9135.46000000
2020/07/05,9135.00000000,9145.24000000,8893.03000000,9069.41000000
2020/07/06,9069.41000000,9375.00000000,9055.92000000,9344.20000000
2020/07/07,9342.47000000,9379.42000000,9203.00000000,9257.39000000
2020/07/08,9257.40000000,9470.00000000,9231.00000000,9436.06000000
2020/07/09,9436.06000000,9440.79000000,9160.00000000,9232.43000000
2020/07/10,9232.42000000,9317.48000000,9125.00000000,9288.34000000
2020/07/11,9288.34000000,9299.28000000,9178.25000000,9234.03000000
2020/07/12,9234.02000000,9345.00000000,9157.50000000,9302.75000000
2020/07/13,9303.31000000,9343.82000000,9200.89000000,9242.62000000
2020/07/14,9242.61000000,9279.54000000,9113.00000000,9255.85000000
2020/07/15,9255.85000000,9276.49000000,9160.57000000,9197.60000000
2020/07/16,9197.60000000,9226.15000000,9047.25000000,9133.72000000
2020/07/17,9133.72000000,9186.83000000,9089.81000000,9154.32000000
2020/07/18,9154.31000000,9219.30000000,9121.10000000,9170.28000000
2020/07/19,9170.30000000,9232.27000000,9101.35000000,9208.99000000
2020/07/20,9208.99000000,9221.52000000,9131.00000000,9160.78000000
2020/07/21,9160.78000000,9437.73000000,9152.80000000,9390.00000000
2020/07/22,9390.00000000,9544.00000000,9261.00000000,9518.16000000
2020/07/23,9518.16000000,9664.00000000,9440.33000000,9603.27000000
2020/07/24,9603.27000000,9637.00000000,9463.44000000,9537.80000000
2020/07/25,9538.10000000,9732.90000000,9513.00000000,9700.42000000
2020/07/26,9700.42000000,10111.00000000,9650.00000000,9931.54000000
2020/07/27,9931.54000000,11394.86000000,9917.21000000,11029.96000000
2020/07/28,11029.96000000,11242.23000000,10565.00000000,10906.27000000
2020/07/29,10906.27000000,11342.82000000,10812.00000000,11100.53000000
2020/07/30,11100.52000000,11170.00000000,10831.00000000,11099.61000000
2020/07/31,11099.79000000,11444.00000000,10960.00000000,11335.46000000
2020/08/01,11335.46000000,11861.00000000,11220.00000000,11801.17000000
2020/08/02,11801.17000000,12123.46000000,10518.50000000,11071.35000000
2020/08/03,11071.36000000,11473.00000000,10936.00000000,11219.81000000
2020/08/04,11219.68000000,11414.98000000,11000.00000000,11191.97000000
2020/08/05,11191.99000000,11780.93000000,11093.00000000,11744.91000000
2020/08/06,11744.91000000,11900.00000000,11562.50000000,11762.46000000
2020/08/07,11762.47000000,11909.94000000,11322.00000000,11594.23000000
2020/08/08,11594.36000000,11808.27000000,11512.00000000,11761.41000000
2020/08/09,11761.02000000,11797.11000000,11521.97000000,11681.68000000
2020/08/10,11681.69000000,12067.35000000,11450.00000000,11892.92000000
2020/08/11,11892.90000000,11935.00000000,11125.00000000,11392.08000000
2020/08/12,11392.09000000,11617.52000000,11150.00000000,11564.33000000
2020/08/13,11564.34000000,11792.96000000,11270.36000000,11780.00000000
2020/08/14,11779.77000000,11850.00000000,11634.03000000,11760.54000000
2020/08/15,11760.55000000,11980.00000000,11680.00000000,11852.40000000
2020/08/16,11852.40000000,11931.72000000,11686.00000000,11911.00000000
2020/08/17,11910.99000000,12468.00000000,11769.78000000,12281.13000000
2020/08/18,12281.15000000,12387.77000000,11817.93000000,11945.01000000
2020/08/19,11945.10000000,12020.08000000,11561.00000000,11754.59000000
2020/08/20,11754.38000000,11888.00000000,11668.00000000,11853.55000000
2020/08/21,11853.54000000,11878.00000000,11485.81000000,11531.34000000
2020/08/22,11531.23000000,11686.00000000,11376.81000000,11662.96000000
2020/08/23,11663.51000000,11718.07000000,11514.13000000,11648.13000000
2020/08/24,11648.12000000,11824.90000000,11585.09000000,11748.20000000
2020/08/25,11748.19000000,11767.85000000,11117.64000000,11318.42000000
2020/08/26,11318.42000000,11539.32000000,11244.00000000,11461.43000000
2020/08/27,11461.42000000,11592.20000000,11125.00000000,11330.38000000
2020/08/28,11330.38000000,11542.65000000,11276.89000000,11526.91000000
2020/08/29,11526.90000000,11580.02000000,11417.04000000,11465.84000000
2020/08/30,11465.84000000,11719.00000000,11458.00000000,11711.16000000
2020/08/31,11711.17000000,11800.77000000,11570.00000000,11649.51000000
2020/09/01,11649.51000000,12050.85000000,11515.00000000,11921.97000000
2020/09/02,11921.97000000,11954.57000000,11160.10000000,11388.54000000
2020/09/03,11388.54000000,11462.60000000,9960.80000000,10140.85000000
2020/09/04,10138.29000000,10627.05000000,9875.50000000,10446.25000000
2020/09/05,10446.25000000,10565.68000000,9825.00000000,10166.69000000
2020/09/06,10166.69000000,10347.14000000,9994.86000000,10256.20000000
2020/09/07,10255.89000000,10410.75000000,9875.00000000,10373.44000000
2020/09/08,10373.45000000,10438.00000000,9850.00000000,10126.65000000
2020/09/09,10126.66000000,10343.00000000,9981.01000000,10219.20000000
2020/09/10,10219.29000000,10483.35000000,10070.83000000,10336.87000000
2020/09/11,10336.86000000,10397.60000000,10200.00000000,10387.89000000
2020/09/12,10387.89000000,10477.97000000,10269.25000000,10440.92000000
2020/09/13,10440.67000000,10580.11000000,10200.00000000,10332.83000000
2020/09/14,10332.84000000,10750.00000000,10212.34000000,10671.77000000
2020/09/15,10671.77000000,10930.04000000,10606.48000000,10785.31000000
2020/09/16,10785.23000000,11093.00000000,10661.22000000,10954.01000000
2020/09/17,10954.01000000,11045.46000000,10745.83000000,10939.99000000
2020/09/18,10940.00000000,11038.03000000,10812.84000000,10933.39000000
2020/09/19,10933.40000000,11179.79000000,10887.37000000,11080.65000000
2020/09/20,11080.64000000,11080.64000000,10723.00000000,10920.28000000
2020/09/21,10920.28000000,10988.86000000,10296.35000000,10417.22000000
2020/09/22,10417.22000000,10572.71000000,10353.00000000,10529.61000000
2020/09/23,10529.61000000,10537.15000000,10136.82000000,10241.46000000
2020/09/24,10241.46000000,10795.24000000,10190.93000000,10736.32000000
2020/09/25,10736.33000000,10760.53000000,10556.24000000,10686.67000000
2020/09/26,10686.57000000,10820.94000000,10644.68000000,10728.60000000
2020/09/27,10728.59000000,10799.00000000,10594.82000000,10774.25000000
2020/09/28,10774.26000000,10950.00000000,10626.00000000,10696.12000000
2020/09/29,10696.11000000,10867.54000000,10635.87000000,10840.48000000
2020/09/30,10840.58000000,10849.34000000,10665.13000000,10776.59000000
2020/10/01,10776.59000000,10920.00000000,10437.00000000,10619.13000000
2020/10/02,10619.13000000,10664.64000000,10374.00000000,10570.40000000
2020/10/03,10570.40000000,10603.56000000,10496.46000000,10542.06000000
2020/10/04,10542.07000000,10696.87000000,10517.87000000,10666.63000000
2020/10/05,10666.62000000,10798.00000000,10615.64000000,10792.21000000
2020/10/06,10792.20000000,10800.00000000,10525.00000000,10599.66000000
2020/10/07,10599.65000000,10681.87000000,10546.17000000,10666.39000000
2020/10/08,10666.40000000,10950.00000000,10530.41000000,10925.57000000
2020/10/09,10925.44000000,11104.64000000,10829.00000000,11050.64000000
2020/10/10,11050.64000000,11491.00000000,11050.51000000,11293.22000000
2020/10/11,11293.22000000,11445.00000000,11221.00000000,11369.02000000
2020/10/12,11369.02000000,11720.01000000,11172.00000000,11528.25000000
2020/10/13,11528.24000000,11557.00000000,11300.00000000,11420.56000000
2020/10/14,11420.57000000,11547.98000000,11280.00000000,11417.89000000
2020/10/15,11417.89000000,11617.34000000,11250.83000000,11505.12000000
2020/10/16,11505.13000000,11541.15000000,11200.00000000,11319.32000000
2020/10/17,11319.24000000,11402.42000000,11255.00000000,11360.20000000
2020/10/18,11360.31000000,11505.00000000,11346.22000000,11503.14000000
2020/10/19,11503.14000000,11823.99000000,11407.96000000,11751.47000000
2020/10/20,11751.46000000,12038.38000000,11677.59000000,11909.99000000
2020/10/21,11910.00000000,13217.68000000,11886.95000000,12780.96000000
2020/10/22,12780.75000000,13185.00000000,12678.08000000,12968.52000000
2020/10/23,12968.84000000,13027.69000000,12720.08000000,12923.07000000
2020/10/24,12923.06000000,13166.73000000,12870.00000000,13111.73000000
2020/10/25,13111.73000000,13350.00000000,12888.00000000,13028.83000000
2020/10/26,13029.64000000,13238.81000000,12765.00000000,13052.19000000
2020/10/27,13052.15000000,13789.29000000,13019.87000000,13636.17000000
2020/10/28,13636.16000000,13859.48000000,12888.00000000,13266.40000000
2020/10/29,13266.40000000,13642.91000000,12920.77000000,13455.70000000
2020/10/30,13455.69000000,13669.98000000,13115.00000000,13560.10000000
2020/10/31,13560.10000000,14100.00000000,13411.50000000,13791.00000000
2020/11/01,13791.00000000,13895.00000000,13603.00000000,13761.50000000
2020/11/02,13761.49000000,13830.00000000,13195.05000000,13549.37000000
2020/11/03,13549.63000000,14066.11000000,13284.99000000,14023.53000000
2020/11/04,14023.53000000,14259.00000000,13525.00000000,14144.01000000
2020/11/05,14144.01000000,15750.00000000,14093.56000000,15590.02000000
2020/11/06,15590.02000000,15960.00000000,15166.00000000,15579.92000000
2020/11/07,15579.93000000,15753.52000000,14344.22000000,14818.30000000
2020/11/08,14818.30000000,15650.00000000,14703.88000000,15475.10000000
2020/11/09,15475.10000000,15840.00000000,14805.54000000,15328.41000000
2020/11/10,15328.41000000,15460.00000000,15072.46000000,15297.21000000
2020/11/11,15297.21000000,15965.00000000,15272.68000000,15684.24000000
2020/11/12,15684.25000000,16340.70000000,15440.64000000,16291.86000000
2020/11/13,16291.85000000,16480.00000000,15952.35000000,16320.70000000
2020/11/14,16320.04000000,16326.99000000,15670.00000000,16070.45000000
2020/11/15,16069.56000000,16180.00000000,15774.72000000,15957.00000000
2020/11/16,15957.00000000,16880.00000000,15864.00000000,16713.57000000
2020/11/17,16713.08000000,17858.82000000,16538.00000000,17659.38000000
2020/11/18,17659.38000000,18476.93000000,17214.45000000,17776.12000000
2020/11/19,17777.75000000,18179.80000000,17335.65000000,17802.82000000
2020/11/20,17802.81000000,18815.22000000,17740.04000000,18655.67000000
2020/11/21,18655.66000000,18965.90000000,18308.58000000,18703.80000000
2020/11/22,18703.80000000,18750.00000000,17610.86000000,18414.43000000
2020/11/23,18413.88000000,18766.00000000,18000.00000000,18368.00000000
2020/11/24,18368.01000000,19418.97000000,18018.00000000,19160.01000000
2020/11/25,19160.00000000,19484.21000000,18500.27000000,18719.11000000
2020/11/26,18718.83000000,18915.03000000,16188.00000000,17149.47000000
2020/11/27,17149.47000000,17457.62000000,16438.08000000,17139.52000000
2020/11/28,17139.53000000,17880.49000000,16865.56000000,17719.85000000
2020/11/29,17719.84000000,18360.05000000,17517.00000000,18184.99000000
2020/11/30,18185.00000000,19863.16000000,18184.99000000,19695.87000000
2020/12/01,19695.87000000,19888.00000000,18001.12000000,18764.96000000
2020/12/02,18764.96000000,19342.00000000,18330.00000000,19204.09000000
2020/12/03,19204.08000000,19598.00000000,18867.20000000,19421.90000000
2020/12/04,19422.34000000,19527.00000000,18565.31000000,18650.52000000
2020/12/05,18650.51000000,19177.00000000,18500.00000000,19147.66000000
2020/12/06,19147.66000000,19420.00000000,18857.00000000,19359.40000000
2020/12/07,19358.67000000,19420.91000000,18902.88000000,19166.90000000
2020/12/08,19166.90000000,19294.84000000,18200.00000000,18324.11000000
2020/12/09,18324.11000000,18639.57000000,17650.00000000,18541.28000000
2020/12/10,18541.29000000,18557.32000000,17911.12000000,18254.63000000
2020/12/11,18254.81000000,18292.73000000,17572.33000000,18036.53000000
2020/12/12,18036.53000000,18948.66000000,18020.70000000,18808.69000000
2020/12/13,18808.69000000,19411.00000000,18711.12000000,19174.99000000
2020/12/14,19174.99000000,19349.00000000,19000.00000000,19273.14000000
2020/12/15,19273.69000000,19570.00000000,19050.00000000,19426.43000000
2020/12/16,19426.43000000,21560.00000000,19278.60000000,21335.52000000
2020/12/17,21335.52000000,23800.00000000,21230.00000000,22797.16000000
2020/12/18,22797.15000000,23285.18000000,22350.00000000,23107.39000000
2020/12/19,23107.39000000,24171.47000000,22750.00000000,23821.61000000
2020/12/20,23821.60000000,24295.00000000,23060.00000000,23455.52000000
2020/12/21,23455.54000000,24102.77000000,21815.00000000,22719.71000000
2020/12/22,22719.88000000,23837.10000000,22353.40000000,23810.79000000
2020/12/23,23810.79000000,24100.00000000,22600.00000000,23232.76000000
2020/12/24,23232.39000000,23794.43000000,22703.42000000,23729.20000000
2020/12/25,23728.99000000,24789.86000000,23433.60000000,24712.47000000
2020/12/26,24712.47000000,26867.03000000,24500.00000000,26493.39000000
2020/12/27,26493.40000000,28422.00000000,25700.00000000,26281.66000000
2020/12/28,26281.54000000,27500.00000000,26101.00000000,27079.41000000
2020/12/29,27079.42000000,27410.00000000,25880.00000000,27385.00000000
2020/12/30,27385.00000000,28996.00000000,27320.00000000,28875.54000000
2020/12/31,28875.55000000,29300.00000000,27850.00000000,28923.63000000
2021/01/01,28923.63000000,29600.00000000,28624.57000000,29331.69000000
2021/01/02,29331.70000000,33300.00000000,28946.53000000,32178.33000000
2021/01/03,32176.45000000,34778.11000000,31962.99000000,33000.05000000
2021/01/04,33000.05000000,33600.00000000,28130.00000000,31988.71000000
2021/01/05,31989.75000000,34360.00000000,29900.00000000,33949.53000000
2021/01/06,33949.53000000,36939.21000000,33288.00000000,36769.36000000
2021/01/07,36769.36000000,40365.00000000,36300.00000000,39432.28000000
2021/01/08,39432.48000000,41950.00000000,36500.00000000,40582.81000000
2021/01/09,40586.96000000,41380.00000000,38720.00000000,40088.22000000
2021/01/10,40088.22000000,41350.00000000,35111.11000000,38150.02000000
2021/01/11,38150.02000000,38264.74000000,30420.00000000,35404.47000000
2021/01/12,35410.37000000,36628.00000000,32531.00000000,34051.24000000
2021/01/13,34049.15000000,37850.00000000,32380.00000000,37371.38000000
2021/01/14,37371.38000000,40100.00000000,36701.23000000,39144.50000000
2021/01/15,39145.21000000,39747.76000000,34408.00000000,36742.22000000
2021/01/16,36737.43000000,37950.00000000,35357.80000000,35994.98000000
2021/01/17,35994.98000000,36852.50000000,33850.00000000,35828.61000000
2021/01/18,35824.99000000,37469.83000000,34800.00000000,36631.27000000
2021/01/19,36622.46000000,37850.00000000,35844.06000000,35891.49000000
2021/01/20,35901.94000000,36415.31000000,33400.00000000,35468.23000000
2021/01/21,35468.23000000,35600.00000000,30071.00000000,30850.13000000
2021/01/22,30851.99000000,33826.53000000,28850.00000000,32945.17000000
2021/01/23,32950.00000000,33456.00000000,31390.16000000,32078.00000000
2021/01/24,32078.00000000,33071.00000000,30900.00000000,32259.90000000
2021/01/25,32259.45000000,34875.00000000,31910.00000000,32254.20000000
2021/01/26,32254.19000000,32921.88000000,30837.37000000,32467.77000000
2021/01/27,32464.01000000,32557.29000000,29241.72000000,30366.15000000
2021/01/28,30362.19000000,33783.98000000,29842.10000000,33364.86000000
2021/01/29,33368.18000000,38531.90000000,31915.40000000,34252.20000000
2021/01/30,34246.28000000,34933.00000000,32825.00000000,34262.88000000
2021/01/31,34262.89000000,34342.69000000,32171.67000000,33092.98000000
2021/02/01,33092.97000000,34717.27000000,32296.16000000,33526.37000000
2021/02/02,33517.09000000,35984.33000000,33418.00000000,35466.24000000
2021/02/03,35472.71000000,37662.63000000,35362.38000000,37618.87000000
2021/02/04,37620.26000000,38708.27000000,36161.95000000,36936.66000000
2021/02/05,36936.65000000,38310.12000000,36570.00000000,38290.24000000
2021/02/06,38289.32000000,40955.51000000,38215.94000000,39186.94000000
2021/02/07,39181.01000000,39700.00000000,37351.00000000,38795.69000000
2021/02/08,38795.69000000,46794.45000000,37988.89000000,46374.87000000
2021/02/09,46374.86000000,48142.19000000,44961.09000000,46420.42000000
2021/02/10,46420.42000000,47310.00000000,43727.00000000,44807.58000000
2021/02/11,44807.58000000,48678.90000000,43994.02000000,47969.51000000
2021/02/12,47968.66000000,48985.80000000,46125.00000000,47287.60000000
2021/02/13,47298.15000000,48150.00000000,46202.53000000,47153.69000000
2021/02/14,47156.78000000,49707.43000000,47014.17000000,48577.79000000
2021/02/15,48580.47000000,49010.92000000,45570.79000000,47911.10000000
2021/02/16,47911.10000000,50689.18000000,47003.62000000,49133.45000000
2021/02/17,49133.45000000,52618.74000000,48947.00000000,52119.71000000
2021/02/18,52117.67000000,52530.00000000,50901.90000000,51552.60000000
2021/02/19,51552.61000000,56368.00000000,50710.20000000,55906.00000000
2021/02/20,55906.00000000,57700.46000000,53863.93000000,55841.19000000
2021/02/21,55841.19000000,58352.80000000,55477.59000000,57408.57000000
2021/02/22,57412.35000000,57508.47000000,47622.00000000,54087.67000000
2021/02/23,54087.67000000,54183.59000000,44892.56000000,48891.00000000
2021/02/24,48891.00000000,51374.99000000,46988.69000000,49676.20000000
2021/02/25,49676.21000000,52041.73000000,46674.34000000,47073.73000000
2021/02/26,47073.73000000,48424.11000000,44106.78000000,46276.87000000
2021/02/27,46276.88000000,48394.00000000,45000.00000000,46106.43000000
2021/02/28,46103.67000000,46638.46000000,43000.00000000,45135.66000000
2021/03/01,45134.11000000,49790.00000000,44950.53000000,49587.03000000
2021/03/02,49595.76000000,50200.00000000,47047.60000000,48440.65000000
2021/03/03,48436.61000000,52640.00000000,48100.71000000,50349.37000000
2021/03/04,50349.37000000,51773.88000000,47500.00000000,48374.09000000
2021/03/05,48374.09000000,49448.93000000,46300.00000000,48751.71000000
2021/03/06,48746.81000000,49200.00000000,47070.00000000,48882.20000000
2021/03/07,48882.20000000,51450.03000000,48882.20000000,50971.75000000
2021/03/08,50959.11000000,52402.78000000,49274.67000000,52375.17000000
2021/03/09,52375.18000000,54895.00000000,51789.41000000,54884.50000000
2021/03/10,54874.67000000,57387.69000000,53005.00000000,55851.59000000
2021/03/11,55851.59000000,58150.00000000,54272.82000000,57773.16000000
2021/03/12,57773.15000000,58081.51000000,54962.84000000,57221.72000000
2021/03/13,57221.72000000,61844.00000000,56078.23000000,61188.39000000
2021/03/14,61188.38000000,61724.79000000,58966.78000000,58968.31000000
2021/03/15,58976.08000000,60633.43000000,54600.00000000,55605.20000000
2021/03/16,55605.20000000,56938.29000000,53271.34000000,56900.75000000
2021/03/17,56900.74000000,58974.73000000,54123.69000000,58912.97000000
2021/03/18,58912.97000000,60129.97000000,57023.00000000,57648.16000000
2021/03/19,57641.00000000,59468.00000000,56270.74000000,58030.01000000
2021/03/20,58030.01000000,59880.00000000,57820.17000000,58102.28000000
2021/03/21,58100.02000000,58589.10000000,55450.11000000,57351.56000000
2021/03/22,57351.56000000,58430.73000000,53650.00000000,54083.25000000
2021/03/23,54083.25000000,55830.90000000,53000.00000000,54340.89000000
2021/03/24,54342.80000000,57200.00000000,51700.00000000,52303.65000000
2021/03/25,52303.66000000,53287.00000000,50427.56000000,51293.78000000
2021/03/26,51293.78000000,55073.46000000,51214.60000000,55025.59000000
2021/03/27,55025.59000000,56700.36000000,53950.00000000,55817.14000000
2021/03/28,55817.14000000,56559.75000000,54691.84000000,55777.63000000
2021/03/29,55777.65000000,58405.82000000,54800.01000000,57635.47000000
2021/03/30,57635.46000000,59368.00000000,57071.35000000,58746.57000000
2021/03/31,58746.57000000,59800.00000000,56769.00000000,58740.55000000
2021/04/01,58739.46000000,59490.00000000,57935.45000000,58720.44000000
2021/04/02,58720.45000000,60200.00000000,58428.57000000,58950.01000000
2021/04/03,58950.01000000,59791.72000000,56880.00000000,57051.94000000
2021/04/04,57051.95000000,58492.85000000,56388.00000000,58202.01000000
2021/04/05,58202.01000000,59272.00000000,56777.77000000,59129.99000000
2021/04/06,59129.99000000,59495.24000000,57413.02000000,57991.15000000
2021/04/07,57990.03000000,58655.00000000,55473.00000000,55953.45000000
2021/04/08,55953.44000000,58153.31000000,55700.00000000,58077.52000000
2021/04/09,58077.52000000,58894.90000000,57654.00000000,58142.54000000
2021/04/10,58142.55000000,61500.00000000,57900.01000000,59769.13000000
2021/04/11,59769.13000000,60699.00000000,59232.52000000,60002.43000000
2021/04/12,59998.80000000,61300.00000000,59350.59000000,59860.00000000
2021/04/13,59860.01000000,63777.77000000,59805.15000000,63575.00000000
2021/04/14,63575.01000000,64854.00000000,61301.00000000,62959.53000000
2021/04/15,62959.53000000,63800.00000000,62020.00000000,63159.98000000
2021/04/16,63158.74000000,63520.61000000,60000.00000000,61334.80000000
2021/04/17,61334.81000000,62506.05000000,59580.91000000,60006.66000000
2021/04/18,60006.67000000,60499.00000000,50931.30000000,56150.01000000
2021/04/19,56150.01000000,57526.81000000,54221.58000000,55633.14000000
2021/04/20,55633.14000000,57076.24000000,53329.96000000,56425.00000000
2021/04/21,56425.00000000,56757.91000000,53536.02000000,53787.63000000
2021/04/22,53787.62000000,55521.48000000,50500.00000000,51690.96000000
2021/04/23,51690.95000000,52131.85000000,47500.00000000,51125.14000000
2021/04/24,51110.56000000,51166.22000000,48657.14000000,50047.84000000
2021/04/25,50047.84000000,50567.91000000,46930.00000000,49066.77000000
2021/04/26,49066.76000000,54356.62000000,48753.44000000,54001.39000000
2021/04/27,54001.38000000,55460.00000000,53222.00000000,55011.97000000
2021/04/28,55011.97000000,56428.00000000,53813.16000000,54846.22000000
2021/04/29,54846.23000000,55195.84000000,52330.94000000,53555.00000000
2021/04/30,53555.00000000,57963.00000000,53013.01000000,57694.27000000
2021/05/01,57697.25000000,58458.07000000,56956.14000000,57800.37000000
2021/05/02,57797.35000000,57911.02000000,56035.25000000,56578.21000000
2021/05/03,56578.21000000,58981.44000000,56435.00000000,57169.39000000
2021/05/04,57169.39000000,57200.00000000,53046.69000000,53200.01000000
2021/05/05,53205.05000000,58069.82000000,52900.00000000,57436.11000000
2021/05/06,57436.11000000,58360.00000000,55200.00000000,56393.68000000
2021/05/07,56393.68000000,58650.00000000,55241.63000000,57314.75000000
2021/05/08,57315.49000000,59500.00000000,56900.00000000,58862.05000000
2021/05/09,58866.53000000,59300.00000000,56235.66000000,58240.84000000
2021/05/10,58240.83000000,59500.00000000,53400.00000000,55816.14000000
2021/05/11,55816.14000000,56862.43000000,54370.00000000,56670.02000000
2021/05/12,56670.02000000,58000.01000000,48600.00000000,49631.32000000
2021/05/13,49537.15000000,51367.19000000,46000.00000000,49670.97000000
2021/05/14,49671.92000000,51483.00000000,48799.75000000,49841.45000000
2021/05/15,49844.16000000,50700.00000000,46555.00000000,46762.99000000
2021/05/16,46762.99000000,49795.89000000,43825.39000000,46431.50000000
2021/05/17,46426.83000000,46686.00000000,42001.00000000,43538.04000000
2021/05/18,43538.02000000,45799.29000000,42250.02000000,42849.78000000
2021/05/19,42849.78000000,43584.90000000,30000.00000000,36690.09000000
2021/05/20,36671.23000000,42451.67000000,34850.00000000,40526.64000000
2021/05/21,40525.39000000,42200.00000000,33488.00000000,37252.01000000
2021/05/22,37263.35000000,38829.00000000,35200.62000000,37449.73000000
2021/05/23,37458.51000000,38270.64000000,31111.01000000,34655.25000000
2021/05/24,34681.44000000,39920.00000000,34031.00000000,38796.29000000
2021/05/25,38810.99000000,39791.77000000,36419.62000000,38324.72000000
2021/05/26,38324.72000000,40841.00000000,37800.44000000,39241.91000000
2021/05/27,39241.92000000,40411.14000000,37134.27000000,38529.98000000
2021/05/28,38529.99000000,38877.83000000,34684.00000000,35663.49000000
2021/05/29,35661.79000000,37338.58000000,33632.76000000,34605.15000000
2021/05/30,34605.15000000,36488.00000000,33379.00000000,35641.27000000
2021/05/31,35641.26000000,37499.00000000,34153.84000000,37253.81000000
2021/06/01,37253.82000000,37894.81000000,35666.00000000,36693.09000000
2021/06/02,36694.85000000,38225.00000000,35920.00000000,37568.68000000
2021/06/03,37568.68000000,39476.00000000,37170.00000000,39246.79000000
2021/06/04,39246.78000000,39289.07000000,35555.15000000,36829.00000000
2021/06/05,36829.15000000,37925.00000000,34800.00000000,35513.20000000
2021/06/06,35516.07000000,36480.00000000,35222.00000000,35796.31000000
2021/06/07,35796.31000000,36900.00000000,33300.00000000,33552.79000000
2021/06/08,33556.96000000,34068.01000000,31000.00000000,33380.81000000
2021/06/09,33380.80000000,37534.79000000,32396.82000000,37388.05000000
2021/06/10,37388.05000000,38491.00000000,35782.00000000,36675.72000000
2021/06/11,36677.83000000,37680.40000000,35936.77000000,37331.98000000
2021/06/12,37331.98000000,37463.63000000,34600.36000000,35546.11000000
2021/06/13,35546.12000000,39380.00000000,34757.00000000,39020.57000000
2021/06/14,39020.56000000,41064.05000000,38730.00000000,40516.29000000
2021/06/15,40516.28000000,41330.00000000,39506.40000000,40144.04000000
2021/06/16,40143.80000000,40527.14000000,38116.01000000,38349.01000000
2021/06/17,38349.00000000,39559.88000000,37365.00000000,38092.97000000
2021/06/18,38092.97000000,38202.84000000,35129.29000000,35819.84000000
2021/06/19,35820.48000000,36457.00000000,34803.52000000,35483.72000000
2021/06/20,35483.72000000,36137.72000000,33336.00000000,35600.16000000
2021/06/21,35600.17000000,35750.00000000,31251.23000000,31608.93000000
2021/06/22,31614.12000000,33298.78000000,28805.00000000,32509.56000000
2021/06/23,32509.56000000,34881.00000000,31683.00000000,33678.07000000
2021/06/24,33675.07000000,35298.00000000,32286.57000000,34663.09000000
2021/06/25,34663.08000000,35500.00000000,31275.00000000,31584.45000000
2021/06/26,31576.09000000,32730.00000000,30151.00000000,32283.65000000
2021/06/27,32283.65000000,34749.00000000,31973.45000000,34700.34000000
2021/06/28,34702.49000000,35297.71000000,33862.72000000,34494.89000000
2021/06/29,34494.89000000,36600.00000000,34225.43000000,35911.73000000
2021/06/30,35911.72000000,36100.00000000,34017.55000000,35045.00000000
2021/07/01,35045.00000000,35057.57000000,32711.00000000,33504.69000000
2021/07/02,33502.33000000,33977.04000000,32699.00000000,33786.55000000
2021/07/03,33786.54000000,34945.61000000,33316.73000000,34669.13000000
2021/07/04,34669.12000000,35967.85000000,34357.15000000,35286.51000000
2021/07/05,35288.13000000,35293.78000000,33125.55000000,33690.14000000
2021/07/06,33690.15000000,35118.88000000,33532.00000000,34220.01000000
2021/07/07,34220.02000000,35059.09000000,33777.77000000,33862.12000000
2021/07/08,33862.11000000,33929.64000000,32077.00000000,32875.71000000
2021/07/09,32875.71000000,34100.00000000,32261.07000000,33815.81000000
2021/07/10,33815.81000000,34262.00000000,33004.78000000,33502.87000000
2021/07/11,33502.87000000,34666.00000000,33306.47000000,34258.99000000
2021/07/12,34259.00000000,34678.43000000,32658.34000000,33086.63000000
2021/07/13,33086.94000000,33340.00000000,32202.25000000,32729.77000000
2021/07/14,32729.12000000,33114.03000000,31550.00000000,32820.02000000
2021/07/15,32820.03000000,33185.25000000,31133.00000000,31880.00000000
2021/07/16,31874.49000000,32249.18000000,31020.00000000,31383.87000000
2021/07/17,31383.86000000,31955.92000000,31164.31000000,31520.07000000
2021/07/18,31520.07000000,32435.00000000,31108.97000000,31778.56000000
2021/07/19,31778.57000000,31899.00000000,30407.44000000,30839.65000000
2021/07/20,30839.65000000,31063.07000000,29278.00000000,29790.35000000
2021/07/21,29790.34000000,32858.00000000,29482.61000000,32144.51000000
2021/07/22,32144.51000000,32591.35000000,31708.00000000,32287.83000000
2021/07/23,32287.58000000,33650.00000000,31924.32000000,33634.09000000
2021/07/24,33634.10000000,34500.00000000,33401.14000000,34258.14000000
2021/07/25,34261.51000000,35398.00000000,33851.12000000,35381.02000000
2021/07/26,35381.02000000,40550.00000000,35205.78000000,37237.60000000
2021/07/27,37241.33000000,39542.61000000,36383.00000000,39457.87000000
2021/07/28,39456.61000000,40900.00000000,38772.00000000,40019.56000000
2021/07/29,40019.57000000,40640.00000000,39200.00000000,40016.48000000
2021/07/30,40018.49000000,42316.71000000,38313.23000000,42206.37000000
2021/07/31,42206.36000000,42448.00000000,41000.15000000,41461.83000000
2021/08/01,41461.84000000,42599.00000000,39422.01000000,39845.44000000
2021/08/02,39850.27000000,40480.01000000,38690.00000000,39147.82000000
2021/08/03,39146.86000000,39780.00000000,37642.03000000,38207.05000000
2021/08/04,38207.04000000,39969.66000000,37508.56000000,39723.18000000
2021/08/05,39723.17000000,41350.00000000,37332.70000000,40862.46000000
2021/08/06,40862.46000000,43392.43000000,39853.86000000,42836.87000000
2021/08/07,42836.87000000,44700.00000000,42446.41000000,44572.54000000
2021/08/08,44572.54000000,45310.00000000,43261.00000000,43794.37000000
2021/08/09,43794.36000000,46454.15000000,42779.00000000,46253.40000000
2021/08/10,46248.87000000,46700.00000000,44589.46000000,45584.99000000
2021/08/11,45585.00000000,46743.47000000,45341.14000000,45511.00000000
2021/08/12,45510.67000000,46218.12000000,43770.00000000,44399.00000000
2021/08/13,44400.06000000,47886.00000000,44217.39000000,47800.00000000
2021/08/14,47799.99000000,48144.00000000,45971.03000000,47068.51000000
2021/08/15,47068.50000000,47372.27000000,45500.00000000,46973.82000000
2021/08/16,46973.82000000,48053.83000000,45660.00000000,45901.29000000
2021/08/17,45901.30000000,47160.00000000,44376.00000000,44695.95000000
2021/08/18,44695.95000000,46000.00000000,44203.28000000,44705.29000000
2021/08/19,44699.37000000,47033.00000000,43927.70000000,46760.62000000
2021/08/20,46760.62000000,49382.99000000,46622.99000000,49322.47000000
2021/08/21,49322.47000000,49757.04000000,48222.00000000,48821.87000000
2021/08/22,48821.88000000,49500.00000000,48050.00000000,49239.22000000
2021/08/23,49239.22000000,50500.00000000,49029.00000000,49488.85000000
2021/08/24,49488.85000000,49860.00000000,47600.00000000,47674.01000000
2021/08/25,47674.01000000,49264.30000000,47126.28000000,48973.32000000
2021/08/26,48973.32000000,49352.84000000,46250.00000000,46843.87000000
2021/08/27,46843.86000000,49149.93000000,46348.00000000,49069.90000000
2021/08/28,49069.90000000,49299.00000000,48346.88000000,48895.35000000
2021/08/29,48895.35000000,49632.27000000,47762.54000000,48767.83000000
2021/08/30,48767.84000000,48888.61000000,46853.00000000,46982.91000000
2021/08/31,46982.91000000,48246.11000000,46700.00000000,47100.89000000
2021/09/01,47100.89000000,49156.00000000,46512.00000000,48810.52000000
2021/09/02,48810.51000000,50450.13000000,48584.06000000,49246.64000000
2021/09/03,49246.63000000,51000.00000000,48316.84000000,49999.14000000
2021/09/04,49998.00000000,50535.69000000,49370.00000000,49915.64000000
2021/09/05,49917.54000000,51900.00000000,49450.00000000,51756.88000000
2021/09/06,51756.88000000,52780.00000000,50969.33000000,52663.90000000
2021/09/07,52666.20000000,52920.00000000,42843.05000000,46863.73000000
2021/09/08,46868.57000000,47340.99000000,44412.02000000,46048.31000000
2021/09/09,46048.31000000,47399.97000000,45513.08000000,46395.14000000
2021/09/10,46395.14000000,47033.00000000,44132.29000000,44850.91000000
2021/09/11,44842.20000000,45987.93000000,44722.22000000,45173.69000000
2021/09/12,45173.68000000,46460.00000000,44742.06000000,46025.24000000
2021/09/13,46025.23000000,46880.00000000,43370.00000000,44940.73000000
2021/09/14,44940.72000000,47250.00000000,44594.44000000,47111.52000000
2021/09/15,47103.28000000,47470.00000000,46682.32000000,47109.54000000
