date,open,high,low,close,volume,value
2021-08-25 15:00:00,6065.0,6080.0,6025.0,6055.0,983294.97905879,5951251945.654851
2021-08-25 16:00:00,6060.0,6075.0,5980.0,6020.0,1090570.05044847,6579500668.959595
2021-08-25 17:00:00,6020.0,6025.0,5760.0,5760.0,3753552.60144948,22036688275.311356
2021-08-25 18:00:00,5760.0,5855.0,5735.0,5810.0,2369173.23225535,13721507206.22605
2021-08-25 19:00:00,5815.0,5865.0,5790.0,5850.0,940977.38131535,5488027569.9248085
2021-08-25 20:00:00,5845.0,5880.0,5795.0,5870.0,813757.20881386,4746797279.210255
2021-08-25 21:00:00,5870.0,5940.0,5830.0,5925.0,888158.85972941,5233346950.532922
2021-08-25 22:00:00,5925.0,5965.0,5865.0,5880.0,1311405.46187612,7771804652.094439
2021-08-25 23:00:00,5885.0,6005.0,5800.0,5980.0,2098687.6616427,12426021426.614765
2021-08-26 00:00:00,5980.0,6040.0,5940.0,6025.0,1067137.17756504,6387496318.315132
2021-08-26 01:00:00,6025.0,6040.0,5995.0,6015.0,620601.44330009,3732848417.564943
2021-08-26 02:00:00,6015.0,6050.0,5985.0,6020.0,432509.47151369,2603015772.662194
2021-08-26 03:00:00,6020.0,6040.0,6015.0,6015.0,59729.20243467,359845361.6979466
2021-08-26 04:00:00,6020.0,6055.0,5980.0,5995.0,253812.58126934,1527794647.4895785
2021-08-26 05:00:00,5995.0,6055.0,5995.0,6025.0,334869.19072913,2020054038.6999495
2021-08-26 06:00:00,6020.0,6110.0,6015.0,6110.0,631671.81972835,3829986765.3598285
2021-08-26 07:00:00,6105.0,6120.0,6030.0,6040.0,723835.99568525,4397829680.322036
2021-08-26 08:00:00,6040.0,6110.0,6035.0,6070.0,806825.79888914,4902829801.827348
2021-08-26 09:00:00,6075.0,6140.0,6005.0,6115.0,1682849.33395717,10227436034.422659
2021-08-26 10:00:00,6115.0,6120.0,5965.0,5975.0,1298846.83915709,7838498484.665695
2021-08-26 11:00:00,5975.0,6035.0,5975.0,6000.0,592089.53712198,3553498274.8993382
2021-08-26 12:00:00,6000.0,6005.0,5850.0,5870.0,1855625.51848435,10955389272.332489
2021-08-26 13:00:00,5875.0,5915.0,5835.0,5905.0,980273.43247995,5763601766.269373
2021-08-26 14:00:00,5905.0,5935.0,5805.0,5845.0,1367641.22246742,8003259712.344629
2021-08-26 15:00:00,5850.0,5885.0,5780.0,5800.0,1202812.26924487,7009816616.528406
2021-08-26 16:00:00,5800.0,5830.0,5725.0,5795.0,1589680.48794876,9183126999.34876
2021-08-26 17:00:00,5795.0,5830.0,5760.0,5805.0,723844.97270462,4196434190.6124744
2021-08-26 18:00:00,5810.0,5835.0,5765.0,5775.0,532330.06547859,3085369099.8552356
2021-08-26 19:00:00,5775.0,5840.0,5760.0,5815.0,472706.9974048,2744720063.878408
2021-08-26 20:00:00,5815.0,5835.0,5760.0,5765.0,537311.67123504,3117063800.962312
2021-08-26 21:00:00,5760.0,5785.0,5595.0,5710.0,3470835.56502664,19756533933.00926
2021-08-26 22:00:00,5710.0,5775.0,5710.0,5760.0,723755.38549954,4158244911.620818
2021-08-26 23:00:00,5760.0,5810.0,5705.0,5715.0,852589.21296293,4917681145.107735
2021-08-27 00:00:00,5710.0,5755.0,5650.0,5665.0,661544.69661065,3773695513.07751
2021-08-27 01:00:00,5665.0,5705.0,5565.0,5635.0,1408348.26381692,7918675252.529293
2021-08-27 02:00:00,5635.0,5680.0,5630.0,5655.0,305442.68324769,1729077484.5631883
2021-08-27 03:00:00,5655.0,5675.0,5580.0,5655.0,370997.93126223,2083169563.7519226
2021-08-27 04:00:00,5660.0,5670.0,5595.0,5630.0,283993.29667523,1595798541.5235238
2021-08-27 05:00:00,5630.0,5670.0,5620.0,5670.0,137689.61614979,778292609.9505717
2021-08-27 06:00:00,5670.0,5715.0,5660.0,5710.0,280615.85353845,1597408114.2377348
2021-08-27 07:00:00,5705.0,5750.0,5690.0,5710.0,438045.36385513,2504424067.036181
2021-08-27 08:00:00,5705.0,5715.0,5590.0,5610.0,760619.62759247,4300870324.765757
2021-08-27 09:00:00,5610.0,5650.0,5455.0,5600.0,3007527.30315812,16630548933.913534
2021-08-27 10:00:00,5600.0,5685.0,5590.0,5615.0,1285857.41120142,7255038764.174893
2021-08-27 11:00:00,5615.0,5650.0,5575.0,5575.0,646120.58047262,3627565676.1654744
2021-08-27 12:00:00,5570.0,5585.0,5485.0,5510.0,1124587.76416878,6207341146.610914
2021-08-27 13:00:00,5510.0,5540.0,5470.0,5530.0,804242.74948184,4427854275.814523
2021-08-27 14:00:00,5530.0,5620.0,5525.0,5585.0,647731.73342797,3607433779.775763
2021-08-27 15:00:00,5580.0,5620.0,5570.0,5615.0,519342.26939002,2910399103.2365127
2021-08-27 16:00:00,5615.0,5680.0,5570.0,5680.0,1175757.67741094,6624348605.839953
2021-08-27 17:00:00,5680.0,5680.0,5620.0,5635.0,645719.16207369,3648214085.2869096
2021-08-27 18:00:00,5635.0,5650.0,5590.0,5620.0,423319.81529449,2379067668.6902986
2021-08-27 19:00:00,5620.0,5685.0,5615.0,5680.0,500989.98122085,2834113853.161438
2021-08-27 20:00:00,5680.0,5770.0,5665.0,5700.0,1288594.01658596,7376422703.197346
2021-08-27 21:00:00,5700.0,5725.0,5665.0,5690.0,708003.47838164,4032500346.9905167
2021-08-27 22:00:00,5690.0,5700.0,5605.0,5690.0,766433.25650849,4332812911.383951
2021-08-27 23:00:00,5690.0,5875.0,5675.0,5850.0,3140082.32316737,18257847856.844902
2021-08-28 00:00:00,5850.0,5915.0,5825.0,5860.0,1509276.98634773,8858595808.461878
2021-08-28 01:00:00,5865.0,5905.0,5810.0,5840.0,546465.95603582,3194514407.363222
2021-08-28 02:00:00,5845.0,5885.0,5840.0,5865.0,230179.11360664,1349265555.42324
2021-08-28 03:00:00,5865.0,5895.0,5850.0,5850.0,487739.0429439,2866270266.6871324
2021-08-28 04:00:00,5850.0,5890.0,5840.0,5855.0,173169.85893961,1014390580.4325098
2021-08-28 05:00:00,5855.0,5935.0,5830.0,5905.0,568375.8686615,3345521371.0630927
2021-08-28 06:00:00,5905.0,5930.0,5895.0,5925.0,330679.25171079,1954773953.7509475
2021-08-28 07:00:00,5925.0,5965.0,5885.0,5935.0,639851.00444347,3784043428.8717313
2021-08-28 08:00:00,5935.0,5960.0,5920.0,5950.0,860723.33086152,5112157628.460683
2021-08-28 09:00:00,5955.0,6000.0,5880.0,5960.0,2138968.40356892,12711439879.991152
2021-08-28 10:00:00,5960.0,5965.0,5895.0,5945.0,786238.8248411,4658832587.280873
2021-08-28 11:00:00,5945.0,5945.0,5865.0,5880.0,717642.92324615,4232802071.325346
2021-08-28 12:00:00,5880.0,5890.0,5850.0,5865.0,656962.96404151,3856723141.3005753
2021-08-28 13:00:00,5865.0,5900.0,5860.0,5885.0,411160.59760256,2417998216.884254
2021-08-28 14:00:00,5885.0,5905.0,5860.0,5865.0,464317.45727834,2732119498.1157413
2021-08-28 15:00:00,5865.0,5915.0,5825.0,5890.0,625083.89692626,3665815926.7499537
2021-08-28 16:00:00,5895.0,5895.0,5840.0,5860.0,416293.8877095,2439073430.655764
2021-08-28 17:00:00,5860.0,5885.0,5855.0,5860.0,309134.73492772,1814491401.9474697
2021-08-28 18:00:00,5860.0,5895.0,5855.0,5865.0,475318.04985951,2789718216.126016
2021-08-28 19:00:00,5865.0,5875.0,5850.0,5850.0,318623.2986404,1867204605.7233293
2021-08-28 20:00:00,5850.0,5860.0,5810.0,5820.0,673469.09029987,3928713486.3687882
2021-08-28 21:00:00,5820.0,5890.0,5810.0,5875.0,678402.52860714,3969765950.884491
2021-08-28 22:00:00,5875.0,5880.0,5815.0,5850.0,668955.65224174,3908420920.1671176
2021-08-28 23:00:00,5850.0,5850.0,5760.0,5820.0,1091038.17409976,6333187948.103309
2021-08-29 00:00:00,5820.0,5835.0,5790.0,5830.0,414235.07609536,2407079479.0482397
2021-08-29 01:00:00,5830.0,5870.0,5820.0,5835.0,345160.79734153,2017389603.2578783
2021-08-29 02:00:00,5835.0,5850.0,5825.0,5850.0,130596.03012287,762508596.7895828
2021-08-29 03:00:00,5850.0,5855.0,5810.0,5810.0,173932.21973377,1014334400.243803
2021-08-29 04:00:00,5810.0,5810.0,5755.0,5765.0,496589.11048784,2866147888.4586196
2021-08-29 05:00:00,5765.0,5805.0,5760.0,5805.0,187924.04057239,1085863046.1817737
2021-08-29 06:00:00,5805.0,5840.0,5795.0,5830.0,237925.91762871,1383989470.4545832
2021-08-29 07:00:00,5830.0,5865.0,5825.0,5845.0,592080.49987273,3460747408.090412
2021-08-29 08:00:00,5840.0,5890.0,5840.0,5880.0,708386.84864244,4147492069.9724708
2021-08-29 09:00:00,5880.0,6120.0,5830.0,6090.0,7527509.43439315,45254331008.869865
2021-08-29 10:00:00,6085.0,6090.0,6025.0,6050.0,2377502.14252518,14402547242.479412
2021-08-29 11:00:00,6055.0,6150.0,5970.0,5995.0,2307468.88365929,13971256025.982157
2021-08-29 12:00:00,5985.0,6015.0,5905.0,5965.0,1990489.76384773,11876388909.246326
2021-08-29 13:00:00,5960.0,5975.0,5890.0,5945.0,1289911.99648264,7648839580.549033
2021-08-29 14:00:00,5945.0,5995.0,5935.0,5955.0,1109944.96536979,6616755193.150621
2021-08-29 15:00:00,5955.0,5985.0,5940.0,5975.0,554259.74647576,3304075074.281216
2021-08-29 16:00:00,5975.0,6005.0,5960.0,5970.0,622728.77560474,3725090828.546322
2021-08-29 17:00:00,5965.0,6000.0,5925.0,5975.0,662454.22407071,3953519672.474611
2021-08-29 18:00:00,5975.0,6000.0,5950.0,5995.0,535471.14156898,3199235118.019851
2021-08-29 19:00:00,5990.0,6025.0,5980.0,6005.0,704682.81782228,4229212970.2499056
2021-08-29 20:00:00,6000.0,6015.0,5920.0,5930.0,798250.4188044,4763695078.507031
2021-08-29 21:00:00,5925.0,5975.0,5920.0,5950.0,854853.32528486,5079740649.632573
2021-08-29 22:00:00,5950.0,5975.0,5935.0,5945.0,704780.49840922,4196809905.4764905
2021-08-29 23:00:00,5940.0,5985.0,5880.0,5885.0,967073.57984778,5727288176.924739
2021-08-30 00:00:00,5885.0,5945.0,5880.0,5940.0,601419.18834784,3554242575.998574
2021-08-30 01:00:00,5940.0,5960.0,5890.0,5930.0,412379.82229332,2440635770.6070957
2021-08-30 02:00:00,5925.0,5940.0,5900.0,5935.0,206506.92853751,1222073821.71409
2021-08-30 03:00:00,5930.0,5945.0,5920.0,5940.0,76601.75157417,454399598.10374075
2021-08-30 04:00:00,5935.0,5970.0,5935.0,5960.0,126417.25535784,752865153.571238
2021-08-30 05:00:00,5955.0,5975.0,5945.0,5960.0,177516.65116035,1058152119.6343536
2021-08-30 06:00:00,5960.0,5970.0,5915.0,5950.0,240450.08471738,1429498968.9024792
2021-08-30 07:00:00,5945.0,6020.0,5940.0,5985.0,567213.62677203,3394631227.7038736
2021-08-30 08:00:00,5985.0,6030.0,5930.0,5930.0,794939.56109657,4749203389.586703
2021-08-30 09:00:00,5930.0,5965.0,5850.0,5860.0,1130384.22613506,6670947825.936757
2021-08-30 10:00:00,5860.0,5920.0,5850.0,5860.0,865637.27291388,5089191035.010748
2021-08-30 11:00:00,5855.0,5890.0,5855.0,5865.0,509544.782903,2991498827.2189903
2021-08-30 12:00:00,5865.0,5875.0,5775.0,5800.0,1522240.08892127,8855299413.627258
2021-08-30 13:00:00,5800.0,5830.0,5780.0,5795.0,728784.29127372,4226570729.908787
2021-08-30 14:00:00,5795.0,5835.0,5775.0,5830.0,596503.26858312,3466151226.455205
2021-08-30 15:00:00,5835.0,5835.0,5785.0,5810.0,563460.58507236,3275802882.1889524
2021-08-30 16:00:00,5810.0,5820.0,5785.0,5805.0,372030.93557128,2158335753.523722
2021-08-30 17:00:00,5805.0,5845.0,5785.0,5815.0,511829.6727415,2974557925.142125
2021-08-30 18:00:00,5810.0,5840.0,5800.0,5805.0,283204.30593796,1646421912.75304
2021-08-30 19:00:00,5805.0,5840.0,5800.0,5825.0,341836.86414028,1988423582.1259687
2021-08-30 20:00:00,5825.0,5830.0,5785.0,5800.0,576895.10508449,3347491729.618266
2021-08-30 21:00:00,5795.0,5805.0,5730.0,5735.0,1249127.73696852,7190675623.433991
2021-08-30 22:00:00,5735.0,5790.0,5705.0,5785.0,859054.28421756,4933387497.197166
2021-08-30 23:00:00,5785.0,5810.0,5750.0,5755.0,592141.38373522,3421730410.5472207
2021-08-31 00:00:00,5755.0,5795.0,5740.0,5785.0,401530.46383063,2313779153.724829
2021-08-31 01:00:00,5785.0,5805.0,5765.0,5800.0,266493.7513014,1541239769.0969532
2021-08-31 02:00:00,5805.0,5850.0,5800.0,5845.0,178851.82884282,1041284826.903915
2021-08-31 03:00:00,5845.0,5855.0,5805.0,5850.0,146475.55706922,854308134.0835834
2021-08-31 04:00:00,5850.0,5895.0,5845.0,5880.0,314171.33632306,1844281838.511719
2021-08-31 05:00:00,5880.0,5900.0,5875.0,5890.0,199511.36841328,1174954885.845061
2021-08-31 06:00:00,5890.0,5895.0,5850.0,5880.0,299916.03475316,1761239256.5290956
2021-08-31 07:00:00,5880.0,5885.0,5820.0,5825.0,399325.15081302,2333046860.846579
2021-08-31 08:00:00,5825.0,5830.0,5705.0,5725.0,976174.42062082,5610952665.35512
2021-08-31 09:00:00,5725.0,5765.0,5625.0,5690.0,1386472.90542753,7889256073.013666
2021-08-31 10:00:00,5690.0,5700.0,5645.0,5670.0,501223.62971274,2844670113.4613323
2021-08-31 11:00:00,5670.0,5710.0,5650.0,5700.0,455558.39584597,2586508486.221598
2021-08-31 12:00:00,5700.0,5730.0,5695.0,5710.0,338291.39029579,1931698356.3636632
2021-08-31 13:00:00,5710.0,5760.0,5700.0,5720.0,381891.11870846,2189192420.658051
2021-08-31 14:00:00,5720.0,5740.0,5705.0,5720.0,288723.3094481,1651867669.8615355
2021-08-31 15:00:00,5720.0,5740.0,5685.0,5700.0,304055.37026787,1736738437.9859438
2021-08-31 16:00:00,5690.0,5835.0,5670.0,5805.0,877822.27193723,5062707267.290225
2021-08-31 17:00:00,5805.0,5840.0,5780.0,5810.0,730932.16045626,4247799113.970979
2021-08-31 18:00:00,5815.0,5840.0,5770.0,5785.0,439472.26464677,2549058744.471337
2021-08-31 19:00:00,5785.0,5830.0,5760.0,5775.0,439229.7166591,2541865996.8497624
2021-08-31 20:00:00,5775.0,5900.0,5765.0,5880.0,1074234.90630372,6290631648.101774
2021-08-31 21:00:00,5880.0,5910.0,5850.0,5880.0,961527.2715816,5654837187.27862
2021-08-31 22:00:00,5875.0,5920.0,5845.0,5880.0,941386.36459684,5535950062.524732
2021-08-31 23:00:00,5880.0,5920.0,5775.0,5780.0,1279355.82248157,7452767103.182221
2021-09-01 00:00:00,5785.0,5870.0,5780.0,5870.0,838226.3090931,4876813608.218845
2021-09-01 01:00:00,5870.0,5965.0,5860.0,5890.0,1613111.12015244,9556595167.03719
2021-09-01 02:00:00,5890.0,5905.0,5790.0,5845.0,405441.72897793,2369251955.472346
2021-09-01 03:00:00,5845.0,5885.0,5825.0,5875.0,108900.74391369,637145489.2204171
2021-09-01 04:00:00,5870.0,5900.0,5855.0,5880.0,149200.12684217,877788816.6355685
2021-09-01 05:00:00,5880.0,5890.0,5820.0,5845.0,140634.57183145,824122110.9564285
2021-09-01 06:00:00,5850.0,5880.0,5825.0,5850.0,215884.22167836,1262988984.42561
2021-09-01 07:00:00,5845.0,5850.0,5785.0,5850.0,397246.06693525,2310441885.5136404
2021-09-01 08:00:00,5850.0,5915.0,5825.0,5895.0,548342.7906695,3219333657.4353185
2021-09-01 09:00:00,5900.0,5930.0,5800.0,5800.0,861802.04845071,5047871060.10162
2021-09-01 10:00:00,5800.0,5840.0,5750.0,5815.0,695561.81588148,4021986794.6069727
2021-09-01 11:00:00,5815.0,5875.0,5800.0,5850.0,302758.03161716,1766783217.855678
2021-09-01 12:00:00,5840.0,5855.0,5820.0,5850.0,242484.01891536,1414620114.7349293
2021-09-01 13:00:00,5855.0,5880.0,5845.0,5870.0,274865.81690654,1611178567.011163
2021-09-01 14:00:00,5870.0,5925.0,5845.0,5920.0,590922.26397865,3482226031.274842
2021-09-01 15:00:00,5920.0,5925.0,5860.0,5875.0,586492.31957956,3454070674.901535
2021-09-01 16:00:00,5870.0,5880.0,5840.0,5850.0,519680.76674228,3045416398.6180625
2021-09-01 17:00:00,5850.0,5890.0,5845.0,5865.0,431432.38399428,2528713837.764168
2021-09-01 18:00:00,5865.0,5945.0,5865.0,5905.0,662741.47808857,3919635073.133477
2021-09-01 19:00:00,5905.0,6000.0,5905.0,5930.0,881055.73049457,5250576327.380471
2021-09-01 20:00:00,5925.0,5975.0,5910.0,5960.0,510858.76824124,3038878256.936977
2021-09-01 21:00:00,5965.0,6015.0,5940.0,5970.0,812721.78599025,4867084167.810996
2021-09-01 22:00:00,5970.0,5980.0,5925.0,5955.0,493183.57322125,2936998146.2942967
2021-09-01 23:00:00,5950.0,6005.0,5945.0,5945.0,630130.63910971,3766735163.001811
2021-09-02 00:00:00,5945.0,5990.0,5945.0,5990.0,289264.01648985,1727664741.6927032
2021-09-02 01:00:00,5985.0,6060.0,5985.0,6045.0,719474.96976891,4335523581.139302
2021-09-02 02:00:00,6045.0,6070.0,6020.0,6035.0,793328.38989768,4797649496.373943
2021-09-02 03:00:00,6040.0,6100.0,6035.0,6055.0,336267.94459105,2041957998.7918468
2021-09-02 04:00:00,6055.0,6080.0,6020.0,6055.0,237375.35517886,1436104140.7768276
2021-09-02 05:00:00,6045.0,6095.0,6045.0,6050.0,171416.57583941,1040095010.3604938
2021-09-02 06:00:00,6050.0,6100.0,6045.0,6090.0,294313.94523154,1788840707.2667542
2021-09-02 07:00:00,6085.0,6105.0,6055.0,6070.0,502396.07173671,3055851584.7478275
2021-09-02 08:00:00,6070.0,6165.0,6070.0,6140.0,899608.12288318,5504269074.610193
2021-09-02 09:00:00,6140.0,6170.0,6075.0,6090.0,1417292.17922833,8673029902.21034
2021-09-02 10:00:00,6085.0,6175.0,6055.0,6140.0,1144884.14387871,7003987401.097256
2021-09-02 11:00:00,6140.0,6160.0,6115.0,6145.0,610878.36878927,3750362271.867632
2021-09-02 12:00:00,6145.0,6150.0,6095.0,6105.0,495262.56553013,3032450614.290056
2021-09-02 13:00:00,6100.0,6110.0,6070.0,6095.0,493434.65780284,3006195716.935672
2021-09-02 14:00:00,6095.0,6125.0,6085.0,6125.0,418918.11283388,2557681043.986183
2021-09-02 15:00:00,6125.0,6155.0,6110.0,6155.0,543339.29147716,3330851694.535198
2021-09-02 16:00:00,6155.0,6175.0,6105.0,6130.0,849800.75971889,5225649285.925154
2021-09-02 17:00:00,6130.0,6165.0,6115.0,6140.0,629857.25407174,3871698607.085305
2021-09-02 18:00:00,6140.0,6150.0,6110.0,6135.0,520031.33258183,3188973360.2476616
2021-09-02 19:00:00,6135.0,6220.0,6120.0,6220.0,722466.31498529,4464577895.300639
2021-09-02 20:00:00,6215.0,6220.0,6180.0,6190.0,698172.51700155,4330100572.296652
2021-09-02 21:00:00,6185.0,6230.0,6160.0,6175.0,917912.83868689,5684807008.346506
2021-09-02 22:00:00,6175.0,6210.0,6165.0,6210.0,598367.53355277,3703043037.2622585
2021-09-02 23:00:00,6205.0,6210.0,6060.0,6075.0,1513710.33993752,9287582245.636911
2021-09-03 00:00:00,6075.0,6120.0,6040.0,6085.0,913894.40765575,5564288143.858744
2021-09-03 01:00:00,6080.0,6135.0,6080.0,6120.0,330064.76856341,2018298943.0243168
2021-09-03 02:00:00,6130.0,6155.0,6105.0,6145.0,137408.84599773,841513275.4709293
2021-09-03 03:00:00,6145.0,6150.0,6090.0,6125.0,119868.27797665,733394097.8848404
2021-09-03 04:00:00,6125.0,6130.0,6060.0,6090.0,216970.96985324,1321043293.5566826
2021-09-03 05:00:00,6095.0,6180.0,6095.0,6170.0,182383.83354035,1119494036.1875541
2021-09-03 06:00:00,6170.0,6190.0,6150.0,6180.0,257026.32946294,1585509727.94775
2021-09-03 07:00:00,6180.0,6190.0,6165.0,6185.0,332390.2857901,2051983493.2098122
2021-09-03 08:00:00,6190.0,6190.0,6110.0,6115.0,558510.16748792,3427519466.9723306
2021-09-03 09:00:00,6110.0,6165.0,6005.0,6025.0,1350203.34422554,8195525782.714805
2021-09-03 10:00:00,6030.0,6045.0,5985.0,6020.0,932586.74005737,5609670734.7166605
2021-09-03 11:00:00,6025.0,6070.0,6015.0,6065.0,438521.77747798,2649409583.2678943
2021-09-03 12:00:00,6070.0,6135.0,6055.0,6120.0,1003029.63528023,6118577757.529238
2021-09-03 13:00:00,6120.0,6200.0,6105.0,6170.0,1568779.04002337,9659688084.233105
2021-09-03 14:00:00,6165.0,6170.0,6100.0,6130.0,1108451.11608888,6791131763.873447
2021-09-03 15:00:00,6130.0,6160.0,6110.0,6130.0,595735.8263247,3656038223.4624996
2021-09-03 16:00:00,6130.0,6160.0,6115.0,6135.0,670898.64900991,4117650707.4369564
2021-09-03 17:00:00,6135.0,6205.0,6130.0,6205.0,763732.37177937,4711838775.868885
2021-09-03 18:00:00,6205.0,6215.0,6170.0,6210.0,861366.02980825,5333319489.614489
2021-09-03 19:00:00,6210.0,6330.0,6205.0,6270.0,2289028.71547841,14349618678.55982
2021-09-03 20:00:00,6270.0,6320.0,6240.0,6310.0,1098126.33123151,6904432175.942961
2021-09-03 21:00:00,6310.0,6340.0,6285.0,6310.0,1074218.02505253,6783520391.809913
2021-09-03 22:00:00,6310.0,6345.0,6300.0,6310.0,860304.98361067,5436468479.289476
2021-09-03 23:00:00,6305.0,6330.0,6275.0,6320.0,926429.91514549,5841411626.048246
2021-09-04 00:00:00,6315.0,6515.0,6315.0,6400.0,4600479.92172218,29702063311.280018
2021-09-04 01:00:00,6400.0,6490.0,6400.0,6430.0,1218099.13143874,7842179041.064144
2021-09-04 02:00:00,6430.0,6610.0,6425.0,6550.0,1874579.94363658,12264837413.499382
2021-09-04 03:00:00,6540.0,6570.0,6500.0,6545.0,653024.24857902,4263560912.007259
2021-09-04 04:00:00,6550.0,6570.0,6505.0,6555.0,294088.42625245,1921282855.020328
2021-09-04 05:00:00,6560.0,6585.0,6465.0,6515.0,463999.52713205,3027868571.991933
2021-09-04 06:00:00,6515.0,6550.0,6500.0,6540.0,464812.9473462,3032654840.8967485
2021-09-04 07:00:00,6540.0,6545.0,6440.0,6480.0,1094969.06773586,7102055937.330075
2021-09-04 08:00:00,6490.0,6555.0,6480.0,6540.0,799947.67417159,5217888544.951374
2021-09-04 09:00:00,6545.0,6790.0,6525.0,6670.0,4493582.23173754,30105532563.381992
2021-09-04 10:00:00,6675.0,6675.0,6510.0,6530.0,2170764.43702709,14313282403.73828
2021-09-04 11:00:00,6530.0,6630.0,6475.0,6605.0,1554086.20658604,10164046584.864054
2021-09-04 12:00:00,6605.0,6620.0,6550.0,6560.0,1112293.19930193,7314617817.14355
2021-09-04 13:00:00,6560.0,6575.0,6540.0,6570.0,589485.28758272,3864410590.489356
2021-09-04 14:00:00,6570.0,6575.0,6500.0,6535.0,716383.87071699,4678889391.60819
2021-09-04 15:00:00,6535.0,6545.0,6510.0,6530.0,519070.79321602,3388377402.396181
2021-09-04 16:00:00,6530.0,6555.0,6485.0,6510.0,808194.36648581,5267338578.802579
2021-09-04 17:00:00,6505.0,6615.0,6480.0,6560.0,1097846.4012851,7172440002.754969
2021-09-04 18:00:00,6565.0,6645.0,6535.0,6630.0,948209.05851746,6261664007.309733
2021-09-04 19:00:00,6620.0,6650.0,6415.0,6445.0,2156798.09060561,14096441917.569826
2021-09-04 20:00:00,6445.0,6525.0,6440.0,6505.0,1263634.3638487,8201563424.914656
2021-09-04 21:00:00,6505.0,6570.0,6490.0,6535.0,831785.59525619,5434230890.629441
2021-09-04 22:00:00,6540.0,6550.0,6510.0,6535.0,705568.84518178,4606787371.518996
2021-09-04 23:00:00,6530.0,6535.0,6465.0,6505.0,882327.43636206,5731116547.656055
2021-09-05 00:00:00,6505.0,6530.0,6475.0,6485.0,576515.74290909,3750497365.9969387
2021-09-05 01:00:00,6485.0,6680.0,6440.0,6540.0,1521412.21410267,10005270317.34626
2021-09-05 02:00:00,6540.0,6745.0,6480.0,6725.0,1139765.97581786,7550282977.655559
2021-09-05 03:00:00,6725.0,6800.0,6655.0,6670.0,1010062.75649114,6818907005.966426
2021-09-05 04:00:00,6665.0,6685.0,6600.0,6635.0,357992.14022336,2371966134.045282
2021-09-05 05:00:00,6635.0,6705.0,6630.0,6705.0,233256.69652798,1556736677.0755866
2021-09-05 06:00:00,6705.0,6720.0,6660.0,6685.0,304684.20686884,2037467033.4986763
2021-09-05 07:00:00,6690.0,6695.0,6605.0,6615.0,503113.01569676,3338872016.663472
2021-09-05 08:00:00,6620.0,6645.0,6580.0,6600.0,818847.15667076,5414556053.827851
2021-09-05 09:00:00,6600.0,6680.0,6520.0,6640.0,1442012.75556592,9519264693.012281
2021-09-05 10:00:00,6640.0,6650.0,6465.0,6540.0,1634306.74169937,10678539927.19501
2021-09-05 11:00:00,6535.0,6595.0,6520.0,6560.0,849444.14326436,5572465686.9445095
2021-09-05 12:00:00,6560.0,6565.0,6455.0,6480.0,983662.56498133,6379937244.553013
2021-09-05 13:00:00,6475.0,6535.0,6465.0,6505.0,507036.25733634,3295060529.6406016
2021-09-05 14:00:00,6505.0,6510.0,6455.0,6460.0,675282.77219351,4377049545.425815
2021-09-05 15:00:00,6460.0,6485.0,6400.0,6470.0,722525.75851084,4656279611.882705
2021-09-05 16:00:00,6475.0,6510.0,6465.0,6475.0,431900.99006802,2802595320.3812475
2021-09-05 17:00:00,6475.0,6560.0,6465.0,6545.0,680467.21866731,4427371832.321856
2021-09-05 18:00:00,6550.0,6560.0,6515.0,6545.0,543439.50403448,3551735201.649544
2021-09-05 19:00:00,6540.0,6585.0,6520.0,6540.0,595755.65936626,3904456065.135429
2021-09-05 20:00:00,6535.0,6595.0,6520.0,6545.0,646292.9478491,4235873107.2027497
2021-09-05 21:00:00,6550.0,6590.0,6540.0,6570.0,556529.94129979,3652052365.1154532
2021-09-05 22:00:00,6570.0,6755.0,6565.0,6730.0,2227452.17224829,14886733090.50634
2021-09-05 23:00:00,6735.0,7105.0,6705.0,7080.0,5709261.8916931,39699988057.84505
2021-09-06 00:00:00,7080.0,7085.0,6765.0,6915.0,7634949.04054611,53147952099.55599
2021-09-06 01:00:00,6900.0,7125.0,6900.0,7015.0,2316637.90551313,16290293580.344524
2021-09-06 02:00:00,7015.0,7200.0,6980.0,7090.0,2420520.83979639,17249365376.293533
2021-09-06 03:00:00,7090.0,7180.0,7090.0,7130.0,590921.99039374,4212216817.4852724
2021-09-06 04:00:00,7125.0,7175.0,7065.0,7095.0,408593.1259384,2907700171.3350406
2021-09-06 05:00:00,7095.0,7150.0,7075.0,7125.0,400669.66708841,2847908474.0137177
2021-09-06 06:00:00,7120.0,7190.0,7090.0,7185.0,894391.48025503,6385115953.721936
2021-09-06 07:00:00,7180.0,7185.0,7080.0,7155.0,1266394.2611246,9019591804.71543
2021-09-06 08:00:00,7155.0,7290.0,7115.0,7195.0,2565678.14711945,18474484870.50213
2021-09-06 09:00:00,7195.0,7200.0,6965.0,7050.0,2722997.18949019,19240995728.68003
2021-09-06 10:00:00,7045.0,7110.0,7000.0,7110.0,974460.76589443,6868067189.32094
2021-09-06 11:00:00,7110.0,7110.0,7035.0,7040.0,490793.69786715,3466265732.6315713
2021-09-06 12:00:00,7040.0,7060.0,7020.0,7050.0,513770.9718342,3615399523.9290714
2021-09-06 13:00:00,7050.0,7095.0,7035.0,7090.0,532306.11295305,3758522153.8591123
2021-09-06 14:00:00,7090.0,7105.0,7045.0,7090.0,360271.15345201,2549868183.8669705
2021-09-06 15:00:00,7090.0,7315.0,7085.0,7245.0,1951155.65486034,14098314140.95313
2021-09-06 16:00:00,7240.0,7295.0,7195.0,7220.0,1101734.23861991,7971646298.968016
2021-09-06 17:00:00,7220.0,7260.0,7140.0,7235.0,1344326.36805874,9687107306.912369
2021-09-06 18:00:00,7235.0,7350.0,7200.0,7305.0,1793848.03624378,13071203765.910645
2021-09-06 19:00:00,7305.0,7375.0,7255.0,7355.0,1899728.4662451,13874016192.457094
2021-09-06 20:00:00,7355.0,7365.0,7025.0,7065.0,4298298.60009282,30725010691.15381
2021-09-06 21:00:00,7065.0,7100.0,6835.0,7020.0,4201339.13868238,29334449603.60361
2021-09-06 22:00:00,7015.0,7120.0,6980.0,7105.0,1056800.65168049,7437914856.322423
2021-09-06 23:00:00,7100.0,7210.0,7090.0,7195.0,1424491.05319265,10190311150.129478
2021-09-07 00:00:00,7195.0,7210.0,7100.0,7115.0,541181.77289766,3864971991.073922
2021-09-07 01:00:00,7120.0,7150.0,7040.0,7105.0,496689.31138915,3522823881.7888794
2021-09-07 02:00:00,7105.0,7165.0,7100.0,7130.0,173810.47169145,1241260626.2022023
2021-09-07 03:00:00,7130.0,7155.0,7075.0,7135.0,158312.76522739,1127816432.8070133
2021-09-07 04:00:00,7145.0,7155.0,7065.0,7095.0,194306.60672719,1380832665.1164823
2021-09-07 05:00:00,7095.0,7145.0,7060.0,7135.0,195135.17609875,1384613592.6668193
2021-09-07 06:00:00,7140.0,7165.0,7115.0,7165.0,302787.84594484,2161425340.5618696
2021-09-07 07:00:00,7165.0,7305.0,7160.0,7260.0,1031964.90110034,7456078716.190682
2021-09-07 08:00:00,7260.0,7270.0,7165.0,7175.0,855175.06402759,6163005271.52977
2021-09-07 09:00:00,7175.0,7235.0,7020.0,7065.0,1668782.35600978,11873943657.53203
2021-09-07 10:00:00,7065.0,7085.0,7020.0,7050.0,812049.82620729,5721436280.858172
2021-09-07 11:00:00,7050.0,7185.0,7045.0,7150.0,616473.39439457,4391132392.081656
2021-09-07 12:00:00,7145.0,7165.0,7055.0,7070.0,620261.37465875,4403755488.458738
2021-09-07 13:00:00,7065.0,7135.0,7060.0,7105.0,486718.01485036,3451135357.322731
2021-09-07 14:00:00,7105.0,7140.0,7065.0,7135.0,353234.65479074,2508327219.928692
2021-09-07 15:00:00,7135.0,7160.0,7030.0,7030.0,774318.96324374,5497502716.0596695
2021-09-07 16:00:00,7030.0,7055.0,6900.0,7010.0,2061301.44764306,14378374379.713774
2021-09-07 17:00:00,7010.0,7020.0,6705.0,6755.0,3471315.62389284,23617084097.971943
2021-09-07 18:00:00,6750.0,6845.0,6600.0,6650.0,2846774.27978288,19154676305.044468
2021-09-07 19:00:00,6660.0,6765.0,6610.0,6735.0,1535815.0393738,10275984794.485775
2021-09-07 20:00:00,6740.0,6770.0,6690.0,6710.0,735983.82277863,4951694659.592303
2021-09-07 21:00:00,6705.0,6755.0,6635.0,6745.0,981980.43112224,6576578920.951435
2021-09-07 22:00:00,6745.0,6785.0,6655.0,6655.0,871985.88589582,5855345226.884893
2021-09-07 23:00:00,6655.0,6710.0,6015.0,6015.0,7403805.57802217,47486058550.45365
2021-09-08 00:00:00,6010.0,6155.0,5470.0,5955.0,12578057.5741265,74469607383.16493
2021-09-08 01:00:00,5955.0,6065.0,5910.0,6040.0,5173612.51079173,31000388657.418694
2021-09-08 02:00:00,6040.0,6045.0,5820.0,5820.0,3001135.35746966,17776465551.1903
2021-09-08 03:00:00,5825.0,5925.0,5650.0,5865.0,2337045.19039444,13560945022.32622
2021-09-08 04:00:00,5860.0,5915.0,5745.0,5765.0,866112.03419256,5048658825.461978
2021-09-08 05:00:00,5765.0,5855.0,5675.0,5780.0,1334917.52590718,7683757742.650015
2021-09-08 06:00:00,5775.0,5815.0,5640.0,5740.0,1559520.8656579,8888018995.566904
2021-09-08 07:00:00,5740.0,5940.0,5680.0,5925.0,1864676.12937644,10893174264.179836
2021-09-08 08:00:00,5925.0,5955.0,5800.0,5900.0,1820315.49818497,10711521505.541765
2021-09-08 09:00:00,5905.0,5970.0,5785.0,5960.0,2780625.30829308,16392040144.453957
2021-09-08 10:00:00,5955.0,5965.0,5845.0,5930.0,1360417.45710132,8035165314.6364765
2021-09-08 11:00:00,5940.0,6010.0,5910.0,5925.0,1142685.23204025,6810919362.482963
2021-09-08 12:00:00,5925.0,5925.0,5670.0,5675.0,2799470.67307177,16132808719.918804
2021-09-08 13:00:00,5680.0,5795.0,5640.0,5695.0,1183743.38586318,6771637794.703538
2021-09-08 14:00:00,5695.0,5750.0,5625.0,5645.0,1128101.06083037,6422274680.481597
2021-09-08 15:00:00,5645.0,5680.0,5350.0,5400.0,4835558.63335225,26562840553.151493
2021-09-08 16:00:00,5400.0,5510.0,5390.0,5395.0,1740334.19532962,9498083780.825962
2021-09-08 17:00:00,5390.0,5610.0,5310.0,5610.0,2857218.07168842,15535093653.741743
2021-09-08 18:00:00,5610.0,5695.0,5535.0,5680.0,1393602.01190219,7835247485.977894
2021-09-08 19:00:00,5680.0,5680.0,5525.0,5640.0,879281.29765133,4932709812.912926
2021-09-08 20:00:00,5640.0,5700.0,5580.0,5625.0,829554.21407252,4687787541.875505
2021-09-08 21:00:00,5630.0,5780.0,5610.0,5615.0,1553898.22093402,8841539100.79851
2021-09-08 22:00:00,5615.0,5700.0,5520.0,5615.0,1412435.7369622,7932420756.092095
2021-09-08 23:00:00,5615.0,5635.0,5520.0,5570.0,680225.12176519,3798321103.29206
2021-09-09 00:00:00,5565.0,5680.0,5555.0,5640.0,553963.65031611,3115484105.675346
2021-09-09 01:00:00,5635.0,5710.0,5585.0,5680.0,632852.5804261,3579136015.339917
2021-09-09 02:00:00,5685.0,5690.0,5620.0,5670.0,262150.20389546,1482832978.9558525
2021-09-09 03:00:00,5670.0,5725.0,5655.0,5715.0,177794.17238139,1012315154.907407
2021-09-09 04:00:00,5720.0,5720.0,5665.0,5710.0,194066.16257505,1104370632.5056136
2021-09-09 05:00:00,5710.0,5715.0,5635.0,5645.0,273967.38398599,1550186739.5204124
2021-09-09 06:00:00,5650.0,5690.0,5640.0,5675.0,440176.01516594,2495563384.25405
2021-09-09 07:00:00,5675.0,5875.0,5655.0,5825.0,1505316.4684069,8726571897.142006
2021-09-09 08:00:00,5825.0,5880.0,5680.0,5725.0,1418401.42352389,8187441537.135947
2021-09-09 09:00:00,5730.0,5860.0,5705.0,5855.0,1542200.01322832,8922616165.614393
2021-09-09 10:00:00,5855.0,5860.0,5670.0,5720.0,1315847.81386718,7552788565.0555105
2021-09-09 11:00:00,5720.0,5760.0,5640.0,5645.0,1037050.71494842,5921914870.25316
2021-09-09 12:00:00,5645.0,5715.0,5615.0,5695.0,778306.5337521,4405682310.053583
2021-09-09 13:00:00,5690.0,5750.0,5680.0,5725.0,598691.79135969,3427183325.72115
2021-09-09 14:00:00,5720.0,5795.0,5710.0,5790.0,682408.7360625,3932350867.5651054
2021-09-09 15:00:00,5790.0,5815.0,5720.0,5775.0,814191.08196889,4692378519.467671
2021-09-09 16:00:00,5770.0,5815.0,5710.0,5805.0,665713.29673702,3837692474.507849
2021-09-09 17:00:00,5810.0,5885.0,5770.0,5785.0,1307661.67922553,7621451553.632508
2021-09-09 18:00:00,5800.0,5840.0,5780.0,5795.0,912052.88291225,5299381116.519215
2021-09-09 19:00:00,5795.0,5800.0,5705.0,5755.0,1044532.63574938,6001486780.434525
2021-09-09 20:00:00,5755.0,5790.0,5735.0,5765.0,661026.47761903,3815267452.5763807
2021-09-09 21:00:00,5765.0,5835.0,5620.0,5775.0,2379221.19741539,13624544538.96307
2021-09-09 22:00:00,5775.0,5845.0,5760.0,5770.0,1725391.71623763,10018799962.170782
2021-09-09 23:00:00,5775.0,5825.0,5770.0,5810.0,538366.52311818,3126538176.505536
2021-09-10 00:00:00,5810.0,5830.0,5755.0,5825.0,1065426.94170496,6167844951.782659
2021-09-10 01:00:00,5825.0,5920.0,5800.0,5895.0,951338.86642596,5587732845.795761
2021-09-10 02:00:00,5895.0,5910.0,5850.0,5850.0,526154.56961822,3089764789.1614237
2021-09-10 03:00:00,5850.0,5860.0,5775.0,5785.0,360936.20866355,2099090657.9652066
2021-09-10 04:00:00,5780.0,5805.0,5750.0,5775.0,375464.39446218,2165565678.9684806
2021-09-10 05:00:00,5775.0,5785.0,5720.0,5755.0,354523.64103363,2040029274.0262823
2021-09-10 06:00:00,5755.0,5860.0,5750.0,5840.0,341418.93686816,1983003140.030199
2021-09-10 07:00:00,5840.0,5845.0,5790.0,5840.0,472711.62659888,2752053763.016533
2021-09-10 08:00:00,5845.0,5860.0,5785.0,5810.0,746176.50905384,4340693242.891353
2021-09-10 09:00:00,5810.0,5945.0,5780.0,5885.0,1749706.36979364,10265236769.34862
2021-09-10 10:00:00,5890.0,6095.0,5885.0,6045.0,3615777.3219782,21761192159.103584
2021-09-10 11:00:00,6045.0,6050.0,5955.0,5960.0,1222129.10164832,7347493823.617974
2021-09-10 12:00:00,5965.0,5980.0,5900.0,5945.0,1255595.93486233,7446240465.259646
2021-09-10 13:00:00,5940.0,5975.0,5910.0,5915.0,782650.32288328,4652303093.293012
2021-09-10 14:00:00,5920.0,5955.0,5875.0,5930.0,967308.73905737,5713492543.529789
2021-09-10 15:00:00,5925.0,5940.0,5880.0,5890.0,543826.84861294,3213746089.443505
2021-09-10 16:00:00,5890.0,5925.0,5765.0,5805.0,1559873.85536597,9087850454.25266
2021-09-10 17:00:00,5810.0,5850.0,5610.0,5710.0,2225160.14560711,12730139777.650612
2021-09-10 18:00:00,5710.0,5760.0,5665.0,5750.0,849705.06493929,4860701003.914977
2021-09-10 19:00:00,5750.0,5810.0,5735.0,5790.0,547531.51084656,3160642118.9010444
2021-09-10 20:00:00,5790.0,5830.0,5725.0,5800.0,519625.12153411,2998679974.8650794
2021-09-10 21:00:00,5795.0,5820.0,5725.0,5745.0,559348.83772083,3226277291.402037
2021-09-10 22:00:00,5745.0,5760.0,5675.0,5705.0,658413.4512799,3761567922.439485
2021-09-10 23:00:00,5705.0,5725.0,5520.0,5560.0,2412578.32176868,13548397684.130257
2021-09-11 00:00:00,5565.0,5660.0,5500.0,5655.0,1193542.78365109,6660500120.015087
2021-09-11 01:00:00,5650.0,5650.0,5590.0,5620.0,398111.72919287,2236282160.032728
2021-09-11 02:00:00,5620.0,5660.0,5595.0,5655.0,165049.50490476,928981911.7303367
2021-09-11 03:00:00,5655.0,5680.0,5635.0,5665.0,196125.65794464,1110346037.5295436
2021-09-11 04:00:00,5675.0,5680.0,5640.0,5655.0,137012.22177621,775128142.6563824
2021-09-11 05:00:00,5665.0,5700.0,5610.0,5620.0,220125.59283932,1244717323.4922848
2021-09-11 06:00:00,5620.0,5665.0,5525.0,5585.0,609184.66284886,3405331130.160495
2021-09-11 07:00:00,5585.0,5615.0,5530.0,5550.0,456590.909141,2542938851.0347915
2021-09-11 08:00:00,5545.0,5605.0,5515.0,5600.0,425819.37958637,2373360599.4457326
2021-09-11 09:00:00,5595.0,5675.0,5565.0,5665.0,802580.96281751,4518124427.188925
2021-09-11 10:00:00,5665.0,5730.0,5655.0,5705.0,591708.26636066,3373729665.801491
2021-09-11 11:00:00,5705.0,5755.0,5705.0,5720.0,695208.25688837,3982445374.399001
2021-09-11 12:00:00,5720.0,5730.0,5575.0,5630.0,864709.49983671,4878691650.188416
2021-09-11 13:00:00,5635.0,5710.0,5635.0,5690.0,583417.30643722,3309511154.0757084
2021-09-11 14:00:00,5690.0,5705.0,5605.0,5700.0,465763.29192308,2633444635.75725
2021-09-11 15:00:00,5690.0,5725.0,5655.0,5675.0,333396.84464377,1900118725.24229
2021-09-11 16:00:00,5675.0,5680.0,5605.0,5645.0,582529.71090368,3283570796.934519
2021-09-11 17:00:00,5650.0,5680.0,5610.0,5670.0,387441.64049788,2187818699.338864
2021-09-11 18:00:00,5670.0,5720.0,5625.0,5720.0,352280.98362184,2000275041.2539258
2021-09-11 19:00:00,5720.0,5775.0,5705.0,5745.0,610469.66912706,3501957233.456197
2021-09-11 20:00:00,5745.0,5750.0,5685.0,5740.0,474750.43295848,2714118906.9934998
2021-09-11 21:00:00,5730.0,5790.0,5700.0,5745.0,813040.62710614,4677333374.493161
2021-09-11 22:00:00,5745.0,5755.0,5685.0,5715.0,685160.63457437,3915897527.4414296
2021-09-11 23:00:00,5715.0,5745.0,5705.0,5705.0,275562.01859288,1578656627.0340433
2021-09-12 00:00:00,5720.0,5730.0,5680.0,5720.0,312790.75884298,1784574098.591886
2021-09-12 01:00:00,5720.0,5760.0,5675.0,5735.0,279055.62260112,1598404674.0632284
2021-09-12 02:00:00,5735.0,5755.0,5710.0,5725.0,89245.19699465,511876814.82779616
2021-09-12 03:00:00,5725.0,5725.0,5695.0,5710.0,75185.91392545,429105775.65264076
2021-09-12 04:00:00,5715.0,5725.0,5695.0,5700.0,132827.35690337,757989134.7344722
2021-09-12 05:00:00,5700.0,5715.0,5665.0,5715.0,190402.95063073,1082424022.3746715
2021-09-12 06:00:00,5705.0,5730.0,5700.0,5720.0,72460.87734794,414170044.64735585
2021-09-12 07:00:00,5715.0,5715.0,5640.0,5640.0,356807.62971267,2021017660.963367
2021-09-12 08:00:00,5640.0,5680.0,5630.0,5680.0,359317.3335774,2030010260.3744955
2021-09-12 09:00:00,5680.0,5700.0,5575.0,5600.0,1091738.12145409,6139191074.80881
2021-09-12 10:00:00,5600.0,5610.0,5550.0,5605.0,521589.44471273,2910696221.2067432
2021-09-12 11:00:00,5605.0,5640.0,5595.0,5630.0,299123.49495979,1680089842.36576
2021-09-12 12:00:00,5630.0,5660.0,5620.0,5645.0,218675.13501895,1233043536.0914233
2021-09-12 13:00:00,5645.0,5655.0,5625.0,5630.0,181722.90911565,1024545561.9075265
2021-09-12 14:00:00,5630.0,5655.0,5620.0,5650.0,137168.73757253,773701500.7658926
2021-09-12 15:00:00,5650.0,5660.0,5585.0,5605.0,295200.99187543,1657866216.2945333
2021-09-12 16:00:00,5605.0,5650.0,5600.0,5645.0,185134.77438293,1040811459.4344739
2021-09-12 17:00:00,5640.0,5825.0,5620.0,5810.0,898757.13915623,5144690547.211835
2021-09-12 18:00:00,5810.0,5880.0,5780.0,5795.0,1163625.22579351,6766399239.251124
2021-09-12 19:00:00,5795.0,5935.0,5790.0,5915.0,1825392.01948293,10717842877.03683
2021-09-12 20:00:00,5910.0,5945.0,5880.0,5915.0,1426143.16190026,8433653055.934284
2021-09-12 21:00:00,5920.0,5925.0,5850.0,5875.0,968123.77418317,5688344819.504695
2021-09-12 22:00:00,5875.0,5930.0,5840.0,5905.0,826378.33390857,4864275150.594402
2021-09-12 23:00:00,5905.0,5920.0,5880.0,5895.0,404704.24321769,2388462919.123363
2021-09-13 00:00:00,5900.0,5915.0,5850.0,5870.0,449667.97492139,2646321098.0959744
2021-09-13 01:00:00,5870.0,5895.0,5835.0,5845.0,357478.58710745,2096312476.931935
2021-09-13 02:00:00,5835.0,5860.0,5820.0,5835.0,199442.9041235,1164998462.1593091
2021-09-13 03:00:00,5835.0,5860.0,5805.0,5820.0,194393.58512667,1132282631.6859512
2021-09-13 04:00:00,5820.0,5840.0,5795.0,5820.0,102902.98780158,598339156.7636406
2021-09-13 05:00:00,5820.0,5850.0,5715.0,5730.0,512289.56936518,2954345937.28765
2021-09-13 06:00:00,5730.0,5770.0,5705.0,5770.0,381230.72154607,2184566081.0156126
2021-09-13 07:00:00,5770.0,5830.0,5765.0,5825.0,415092.93343574,2406210756.747881
2021-09-13 08:00:00,5825.0,5880.0,5820.0,5840.0,715479.73851187,4187192763.5853195
2021-09-13 09:00:00,5840.0,5890.0,5750.0,5800.0,897376.92192926,5227880938.104735
2021-09-13 10:00:00,5800.0,5815.0,5710.0,5745.0,780033.88100048,4481775303.820582
2021-09-13 11:00:00,5745.0,5775.0,5715.0,5750.0,536860.84451579,3085623217.723754
2021-09-13 12:00:00,5750.0,5750.0,5665.0,5665.0,706218.24407329,4035385181.1410375
2021-09-13 13:00:00,5670.0,5710.0,5655.0,5685.0,535747.07514026,3044209654.760693
2021-09-13 14:00:00,5685.0,5720.0,5640.0,5685.0,508076.76415948,2883888196.555189
2021-09-13 15:00:00,5690.0,5695.0,5655.0,5685.0,305520.29870974,1733944826.125164
2021-09-13 16:00:00,5685.0,5705.0,5610.0,5645.0,811760.39647349,4582348333.342216
2021-09-13 17:00:00,5645.0,5665.0,5535.0,5570.0,1343584.73536504,7504110511.835664
2021-09-13 18:00:00,5570.0,5625.0,5570.0,5590.0,569495.24948449,3186805955.137744
2021-09-13 19:00:00,5590.0,5625.0,5580.0,5605.0,343689.21459783,1924480604.967472
2021-09-13 20:00:00,5605.0,5625.0,5535.0,5600.0,1010108.35723715,5634399326.56004
2021-09-13 21:00:00,5600.0,5615.0,5575.0,5585.0,467805.63282113,2617755888.6889195
2021-09-13 22:00:00,5590.0,6165.0,5580.0,5945.0,10065097.39300462,60091965457.63077
2021-09-13 23:00:00,5945.0,5970.0,5510.0,5585.0,7837410.46950493,44577354072.99656
2021-09-14 00:00:00,5585.0,5670.0,5570.0,5630.0,742587.03561334,4179661127.802373
2021-09-14 01:00:00,5635.0,5670.0,5600.0,5640.0,372358.48908865,2095975198.4644094
2021-09-14 02:00:00,5640.0,5670.0,5620.0,5645.0,195650.09215387,1103573471.7610073
2021-09-14 03:00:00,5640.0,5700.0,5625.0,5695.0,115053.534748,652049175.7194376
2021-09-14 04:00:00,5695.0,5740.0,5685.0,5720.0,166973.14109399,953719482.8442492
2021-09-14 05:00:00,5720.0,5780.0,5720.0,5780.0,262091.47086908,1505442393.0750773
2021-09-14 06:00:00,5780.0,5800.0,5725.0,5735.0,364922.46994785,2099937766.6776426
2021-09-14 07:00:00,5735.0,5820.0,5705.0,5765.0,452492.30147935,2607742074.4402866
2021-09-14 08:00:00,5760.0,5785.0,5710.0,5740.0,565857.66322616,3251167534.121108
2021-09-14 09:00:00,5735.0,5845.0,5680.0,5815.0,1097509.67560408,6336464882.779121
2021-09-14 10:00:00,5815.0,5840.0,5775.0,5800.0,715066.89065306,4150482485.836463
2021-09-14 11:00:00,5795.0,5810.0,5730.0,5765.0,410394.45157235,2366874155.9940877
2021-09-14 12:00:00,5765.0,5820.0,5765.0,5810.0,234117.6950813,1358385542.7133226
2021-09-14 13:00:00,5810.0,5835.0,5760.0,5765.0,390199.24889575,2262917462.737755
2021-09-14 14:00:00,5765.0,5800.0,5760.0,5775.0,242891.07797159,1403142438.34199
2021-09-14 15:00:00,5775.0,5855.0,5770.0,5840.0,576318.49036119,3349488097.6212335
2021-09-14 16:00:00,5835.0,5870.0,5790.0,5800.0,589081.05909781,3432570884.624247
2021-09-14 17:00:00,5805.0,5845.0,5795.0,5840.0,456181.87306405,2655779572.894957
2021-09-14 18:00:00,5835.0,5860.0,5770.0,5790.0,618209.03782437,3591802279.710231
2021-09-14 19:00:00,5790.0,5810.0,5765.0,5805.0,446114.23948466,2579558464.649297
2021-09-14 20:00:00,5800.0,5810.0,5740.0,5770.0,631845.46090314,3651711106.5812216
2021-09-14 21:00:00,5770.0,5840.0,5690.0,5805.0,1381204.1851345,7978270341.16136
2021-09-14 22:00:00,5805.0,5855.0,5780.0,5800.0,1096685.02709553,6379431036.899746
2021-09-14 23:00:00,5805.0,5825.0,5765.0,5815.0,811571.87594436,4695864483.995233
2021-09-15 00:00:00,5815.0,5845.0,5795.0,5810.0,813898.43122027,4736711645.380527
2021-09-15 01:00:00,5810.0,5825.0,5770.0,5780.0,650866.22321911,3766776759.824847
2021-09-15 02:00:00,5780.0,5795.0,5760.0,5795.0,170371.38545623,983882642.3283055
2021-09-15 03:00:00,5790.0,5795.0,5750.0,5775.0,173611.74479463,1000724372.3881851
2021-09-15 04:00:00,5770.0,5785.0,5755.0,5770.0,94094.02854116,542774669.5080384
2021-09-15 05:00:00,5775.0,5800.0,5770.0,5785.0,187902.84161752,1087268997.4975388
2021-09-15 06:00:00,5790.0,5795.0,5745.0,5770.0,347295.64591017,2003177823.1685712
2021-09-15 07:00:00,5770.0,5865.0,5760.0,5850.0,546007.5807914,3181641687.8668613
2021-09-15 08:00:00,5845.0,5860.0,5810.0,5835.0,578988.41294757,3379470546.5259037
2021-09-15 09:00:00,5835.0,5870.0,5800.0,5810.0,826437.95191827,4826090041.548369
2021-09-15 10:00:00,5805.0,5845.0,5775.0,5785.0,631138.88339775,3664637430.3532095
2021-09-15 11:00:00,5780.0,5825.0,5765.0,5805.0,696731.50651766,4031515517.961897
2021-09-15 12:00:00,5805.0,5810.0,5750.0,5775.0,889280.12430783,5132369672.564078
2021-09-15 13:00:00,5775.0,5790.0,5745.0,5750.0,427334.37539141,2463730689.243917
2021-09-15 14:00:00,5750.0,5785.0,5725.0,5775.0,374795.08699562,2154832339.276757
2021-09-15 15:00:00,5775.0,5800.0,5720.0,5785.0,456314.2116221,2627187371.590555
2021-09-15 16:00:00,5790.0,5830.0,5780.0,5815.0,431570.00608104,2505750789.0824227
2021-09-15 17:00:00,5815.0,5850.0,5800.0,5800.0,433377.7162604,2522911856.0605407
2021-09-15 18:00:00,5805.0,5825.0,5780.0,5785.0,319153.15463631,1851197792.5353878
2021-09-15 19:00:00,5790.0,5880.0,5790.0,5860.0,698422.39792666,4087398232.648324
2021-09-15 20:00:00,5855.0,5860.0,5820.0,5830.0,408939.22973986,2385582830.566622
2021-09-15 21:00:00,5830.0,5860.0,5805.0,5815.0,452813.50161968,2638853379.5360494
2021-09-15 22:00:00,5815.0,5865.0,5805.0,5865.0,482826.40741645,2816881602.51525
2021-09-15 23:00:00,5860.0,5895.0,5850.0,5885.0,713330.83013067,4190499708.9260263
2021-09-16 00:00:00,5885.0,6040.0,5875.0,6020.0,1516119.83045677,9081423426.885239
2021-09-16 01:00:00,6015.0,6080.0,5985.0,6055.0,770434.82567136,4640672530.828222
2021-09-16 02:00:00,6055.0,6060.0,6010.0,6015.0,275287.12943782,1661710250.0883944
2021-09-16 03:00:00,6015.0,6065.0,6000.0,6040.0,164167.00829969,989514488.2484772
2021-09-16 04:00:00,6040.0,6095.0,6040.0,6060.0,223776.85409567,1358170733.2934153
2021-09-16 05:00:00,6060.0,6080.0,6030.0,6040.0,198088.69923014,1198163383.151068
2021-09-16 06:00:00,6040.0,6085.0,6030.0,6035.0,270754.00579444,1640290889.3265867
2021-09-16 07:00:00,6035.0,6050.0,6000.0,6040.0,424780.95604424,2558690981.665846
2021-09-16 08:00:00,6040.0,6120.0,6030.0,6065.0,863825.92851012,5250408229.203974
2021-09-16 09:00:00,6065.0,6110.0,5955.0,5980.0,1178050.05584666,7094146190.802366
2021-09-16 10:00:00,5975.0,6025.0,5975.0,6010.0,440173.65326656,2641044177.5063553
2021-09-16 11:00:00,6005.0,6005.0,5950.0,5975.0,434519.2903656,2596563644.327417
2021-09-16 12:00:00,5975.0,5975.0,5865.0,5940.0,784937.02878324,4640136274.725287
2021-09-16 13:00:00,5940.0,6025.0,5940.0,6010.0,597585.45787459,3581891342.70285
2021-09-16 14:00:00,6005.0,6040.0,5980.0,6040.0,272666.63892489,1639643118.3458853
2021-09-16 15:00:00,6030.0,6145.0,6015.0,6125.0,821597.40305253,5000433712.72776
2021-09-16 16:00:00,6120.0,6140.0,6080.0,6085.0,468008.69632527,2858610119.4795427
2021-09-16 17:00:00,6085.0,6095.0,5990.0,6040.0,769575.62606641,4644339440.75584
2021-09-16 18:00:00,6040.0,6080.0,6020.0,6030.0,329302.52010168,1992318905.6462517
2021-09-16 19:00:00,6025.0,6050.0,5980.0,6005.0,442309.40999374,2656348281.7963953
2021-09-16 20:00:00,6005.0,6050.0,6000.0,6005.0,208359.95278347,1254367254.4848335
2021-09-16 21:00:00,6000.0,6075.0,5980.0,6030.0,480268.0959962,2895216779.4061503
2021-09-16 22:00:00,6030.0,6060.0,5955.0,5975.0,626324.17308468,3758186213.8951845
2021-09-16 23:00:00,5970.0,6025.0,5940.0,6000.0,490881.22195829,2938337869.5713797
2021-09-17 00:00:00,6000.0,6100.0,5975.0,6085.0,488077.40443247,2953487142.13332
2021-09-17 01:00:00,6085.0,6115.0,6035.0,6045.0,215944.70061175,1311807390.0396314
2021-09-17 02:00:00,6045.0,6070.0,6005.0,6010.0,163786.91547347,987935546.8032459
2021-09-17 03:00:00,6010.0,6050.0,5990.0,6030.0,157414.17864291,945948429.7820294
2021-09-17 04:00:00,6035.0,6055.0,6020.0,6025.0,32884.73235741,198443523.76602495
2021-09-17 05:00:00,6030.0,6050.0,5915.0,5935.0,362485.313262,2165585840.5315676
2021-09-17 06:00:00,5935.0,6020.0,5930.0,6020.0,199084.07940037,1188742289.4471514
2021-09-17 07:00:00,6020.0,6025.0,5990.0,6010.0,138547.22729658,832249275.1855172
2021-09-17 08:00:00,6010.0,6045.0,6000.0,6015.0,259847.07292951,1563411538.8782585
2021-09-17 09:00:00,6010.0,6025.0,5935.0,5945.0,551366.30107263,3298367681.8972597
2021-09-17 10:00:00,5945.0,6055.0,5930.0,6045.0,531945.21172722,3190739872.8599515
2021-09-17 11:00:00,6045.0,6050.0,5980.0,5990.0,336579.92237778,2024091030.271322
2021-09-17 12:00:00,5990.0,6050.0,5985.0,6045.0,293026.22536813,1762618729.909509
2021-09-17 13:00:00,6050.0,6080.0,6015.0,6070.0,497659.04532859,3011952276.7690387
2021-09-17 14:00:00,6070.0,6090.0,6035.0,6080.0,459287.2872772,2785882366.128564
2021-09-17 15:00:00,6075.0,6120.0,6025.0,6110.0,928765.95275618,5634334828.4687195
2021-09-17 16:00:00,6110.0,6345.0,6090.0,6265.0,3614427.82810436,22549715258.384167
2021-09-17 17:00:00,6265.0,6390.0,6215.0,6320.0,1986563.58515329,12547941307.083067
2021-09-17 18:00:00,6320.0,6335.0,6230.0,6290.0,951440.79503536,5977807868.016442
2021-09-17 19:00:00,6295.0,6465.0,6185.0,6280.0,4274622.46827608,27015745035.37288
2021-09-17 20:00:00,6280.0,6315.0,6140.0,6170.0,1442100.76747308,8962509022.030134
2021-09-17 21:00:00,6170.0,6245.0,6080.0,6245.0,1309811.40837996,8062348829.346847
2021-09-17 22:00:00,6235.0,6320.0,6180.0,6280.0,1053062.36396578,6593052175.593975
2021-09-17 23:00:00,6280.0,6655.0,6255.0,6620.0,9881614.95544224,64619048383.92933
2021-09-18 00:00:00,6615.0,6665.0,6515.0,6585.0,3758200.32393478,24735982888.425076
2021-09-18 01:00:00,6585.0,6670.0,6510.0,6560.0,1849769.69540216,12189302158.638794
2021-09-18 02:00:00,6560.0,6575.0,6425.0,6435.0,764045.68359569,4963534374.020233
2021-09-18 03:00:00,6440.0,6500.0,6400.0,6500.0,650292.8674548,4187657430.647301
2021-09-18 04:00:00,6495.0,6545.0,6460.0,6530.0,247139.54732591,1607382504.8493378
2021-09-18 05:00:00,6525.0,6535.0,6380.0,6385.0,399459.32352614,2577447473.1882205
2021-09-18 06:00:00,6385.0,6410.0,6350.0,6410.0,609696.4186186,3884758025.8082
2021-09-18 07:00:00,6410.0,6425.0,6285.0,6305.0,901163.6531171,5732297549.264722
2021-09-18 08:00:00,6300.0,6410.0,6295.0,6405.0,703628.48266896,4476096257.274196
2021-09-18 09:00:00,6405.0,6410.0,6255.0,6300.0,1447335.90922546,9139923437.210148
2021-09-18 10:00:00,6300.0,6365.0,6290.0,6340.0,558264.90217392,3534999113.82405
2021-09-18 11:00:00,6335.0,6360.0,6315.0,6325.0,279744.68762671,1770860244.4179924
2021-09-18 12:00:00,6325.0,6395.0,6325.0,6360.0,409543.80817923,2607810503.616188
2021-09-18 13:00:00,6360.0,6375.0,6320.0,6350.0,525070.36639602,3334789565.1790543
2021-09-18 14:00:00,6350.0,6440.0,6350.0,6410.0,651809.12062716,4172493400.9650884
2021-09-18 15:00:00,6410.0,6425.0,6345.0,6370.0,654457.97574572,4176669184.6876483
2021-09-18 16:00:00,6360.0,6410.0,6360.0,6390.0,374474.72771786,2391807116.191356
2021-09-18 17:00:00,6390.0,6450.0,6390.0,6430.0,557930.85193365,3583737242.3117776
2021-09-18 18:00:00,6430.0,6435.0,6340.0,6360.0,599160.30597696,3821377538.6336374
2021-09-18 19:00:00,6355.0,6385.0,6330.0,6340.0,380891.16613661,2421480245.043691
2021-09-18 20:00:00,6340.0,6365.0,6285.0,6305.0,544913.50792435,3448289145.0433936
2021-09-18 21:00:00,6300.0,6355.0,6290.0,6305.0,427016.7767503,2699150376.2463055
2021-09-18 22:00:00,6305.0,6335.0,6300.0,6320.0,319243.6025814,2016035858.5157812
2021-09-18 23:00:00,6325.0,6655.0,6320.0,6550.0,3845081.51038674,25270848202.15114
2021-09-19 00:00:00,6550.0,6555.0,6425.0,6450.0,1209464.23966503,7838973994.609278
2021-09-19 01:00:00,6450.0,6545.0,6445.0,6540.0,547738.17596343,3559338044.1941915
2021-09-19 02:00:00,6540.0,6560.0,6500.0,6540.0,300286.04743815,1959907177.4327686
2021-09-19 03:00:00,6540.0,6630.0,6520.0,6580.0,316415.91463276,2080454262.3549852
2021-09-19 04:00:00,6580.0,6595.0,6520.0,6595.0,141952.30783605,929949261.1565593
2021-09-19 05:00:00,6595.0,6595.0,6500.0,6570.0,324351.2040351,2118951497.6463904
2021-09-19 06:00:00,6570.0,6580.0,6540.0,6555.0,238816.33306491,1568744111.777015
2021-09-19 07:00:00,6550.0,6615.0,6540.0,6580.0,330401.04244855,2174466119.9553504
2021-09-19 08:00:00,6580.0,6665.0,6550.0,6635.0,758574.67810613,5025744925.916655
2021-09-19 09:00:00,6635.0,6705.0,6485.0,6495.0,1426450.74138878,9403818690.145813
2021-09-19 10:00:00,6495.0,6530.0,6460.0,6525.0,669254.21680407,4339753082.472805
2021-09-19 11:00:00,6530.0,6565.0,6510.0,6530.0,389232.29509453,2545520287.392033
2021-09-19 12:00:00,6530.0,6530.0,6435.0,6445.0,368496.89222622,2380586940.922993
2021-09-19 13:00:00,6450.0,6460.0,6335.0,6375.0,1212142.0613398,7741413127.618681
2021-09-19 14:00:00,6380.0,6415.0,6365.0,6405.0,374348.30039227,2394135600.423268
2021-09-19 15:00:00,6405.0,6405.0,6345.0,6370.0,529724.58232715,3371933600.967073
2021-09-19 16:00:00,6370.0,6395.0,6355.0,6375.0,370063.61708667,2357643765.4873705
2021-09-19 17:00:00,6375.0,6400.0,6370.0,6395.0,259319.95044354,1655902222.9178514
2021-09-19 18:00:00,6390.0,6400.0,6345.0,6360.0,377899.70895075,2407056719.089641
2021-09-19 19:00:00,6360.0,6370.0,6285.0,6330.0,890908.20830589,5632871226.707847
2021-09-19 20:00:00,6330.0,6330.0,6170.0,6190.0,1882013.57600656,11743337698.55032
2021-09-19 21:00:00,6185.0,6215.0,6140.0,6180.0,2400174.11848405,14810142498.706732
2021-09-19 22:00:00,6180.0,6215.0,6160.0,6205.0,771046.94337645,4771671518.921233
2021-09-19 23:00:00,6205.0,6240.0,6200.0,6220.0,562268.25512922,3498525070.8629336
2021-09-20 00:00:00,6215.0,6260.0,6200.0,6210.0,512856.97908679,3193917972.4991736
2021-09-20 01:00:00,6210.0,6235.0,6170.0,6190.0,755562.21586041,4682426617.551221
2021-09-20 02:00:00,6190.0,6215.0,6135.0,6160.0,609249.35597443,3757193071.197242
2021-09-20 03:00:00,6165.0,6225.0,6145.0,6200.0,364143.0839895,2255830304.281922
2021-09-20 04:00:00,6200.0,6205.0,6160.0,6160.0,185321.28043465,1144745660.5260704
2021-09-20 05:00:00,6165.0,6200.0,6160.0,6180.0,201778.68732499,1246278471.6956482
2021-09-20 06:00:00,6180.0,6185.0,6155.0,6180.0,249471.18068404,1539226774.245414
2021-09-20 07:00:00,6175.0,6195.0,6020.0,6040.0,2175507.16864239,13231377962.339897
2021-09-20 08:00:00,6040.0,6090.0,6005.0,6040.0,1206178.76301157,7303388992.984532
2021-09-20 09:00:00,6045.0,6070.0,5855.0,5885.0,3531132.76520205,20967767501.87004
2021-09-20 10:00:00,5885.0,5930.0,5865.0,5920.0,836679.90582178,4936530116.7508545
2021-09-20 11:00:00,5920.0,5930.0,5720.0,5750.0,2594658.62012192,15020266605.586502
2021-09-20 12:00:00,5755.0,5770.0,5665.0,5740.0,1714144.38187116,9813777072.488884
2021-09-20 13:00:00,5735.0,5775.0,5675.0,5755.0,909314.39492425,5207392148.038642
2021-09-20 14:00:00,5760.0,5795.0,5745.0,5770.0,512414.40898395,2958018621.115207
2021-09-20 15:00:00,5770.0,5785.0,5690.0,5730.0,764283.91976852,4375401112.584083
2021-09-20 16:00:00,5730.0,5750.0,5560.0,5600.0,2128201.21530013,11963771151.970785
2021-09-20 17:00:00,5600.0,5660.0,5560.0,5655.0,951508.48388195,5344383600.083038
2021-09-20 18:00:00,5655.0,5670.0,5595.0,5600.0,553730.6631213,3119356827.0179834
2021-09-20 19:00:00,5605.0,5670.0,5560.0,5595.0,1348465.6603603,7558398366.810637
2021-09-20 20:00:00,5590.0,5600.0,5320.0,5435.0,4001804.53242061,21858038788.72656
2021-09-20 21:00:00,5435.0,5480.0,5185.0,5390.0,3946847.0234546,21060355312.093124
2021-09-20 22:00:00,5395.0,5520.0,5320.0,5495.0,1953270.54336122,10620321504.382679
2021-09-20 23:00:00,5495.0,5500.0,5410.0,5440.0,842706.03314462,4598555493.877075
2021-09-21 00:00:00,5445.0,5515.0,5375.0,5465.0,829255.873215,4513645347.09332
2021-09-21 01:00:00,5465.0,5475.0,5405.0,5410.0,792883.14508937,4315477270.064902
2021-09-21 02:00:00,5410.0,5450.0,5380.0,5410.0,400892.78803211,2168673242.8402143
2021-09-21 03:00:00,5410.0,5420.0,5275.0,5295.0,605440.90432965,3221050654.001338
2021-09-21 04:00:00,5300.0,5340.0,5230.0,5330.0,492516.13198763,2604043063.848549
2021-09-21 05:00:00,5330.0,5360.0,5250.0,5290.0,285046.03585239,1510209262.297386
2021-09-21 06:00:00,5290.0,5370.0,5275.0,5345.0,302193.25219278,1613543703.3870163
2021-09-21 07:00:00,5335.0,5400.0,5290.0,5310.0,505752.65987436,2705482261.7742558
2021-09-21 08:00:00,5320.0,5345.0,5205.0,5255.0,1088033.68142294,5715890549.633997
2021-09-21 09:00:00,5265.0,5265.0,4885.0,5025.0,5628851.99763361,28375586886.058617
2021-09-21 10:00:00,5025.0,5320.0,5015.0,5260.0,2240344.23029717,11643447965.583797
2021-09-21 11:00:00,5265.0,5340.0,5230.0,5325.0,1542247.7359639,8163546241.968216
2021-09-21 12:00:00,5325.0,5325.0,5225.0,5245.0,655348.87659286,3459045639.9298053
2021-09-21 13:00:00,5245.0,5265.0,5150.0,5155.0,868743.87698964,4509856169.489922
2021-09-21 14:00:00,5155.0,5195.0,5090.0,5175.0,855067.39625596,4388840060.443379
2021-09-21 15:00:00,5175.0,5270.0,5175.0,5210.0,779758.67831763,4062476581.575661
2021-09-21 16:00:00,5210.0,5280.0,5180.0,5265.0,668695.28343585,3499681122.0925884
2021-09-21 17:00:00,5265.0,5300.0,5225.0,5280.0,611758.37750849,3221438430.1264944
2021-09-21 18:00:00,5285.0,5290.0,5220.0,5230.0,514860.51936676,2704804793.2366796
2021-09-21 19:00:00,5235.0,5275.0,5190.0,5255.0,448515.92850848,2347286546.258504
2021-09-21 20:00:00,5255.0,5265.0,5215.0,5230.0,355605.05114981,1862881311.6973772
2021-09-21 21:00:00,5230.0,5250.0,5180.0,5185.0,658159.22057267,3429149990.286232
2021-09-21 22:00:00,5180.0,5205.0,5125.0,5165.0,951235.20997305,4910037305.120847
2021-09-21 23:00:00,5165.0,5175.0,5030.0,5085.0,1396906.34987838,7108739786.931679
2021-09-22 00:00:00,5080.0,5190.0,5065.0,5175.0,767078.85527764,3935040215.388765
2021-09-22 01:00:00,5170.0,5200.0,5060.0,5080.0,499790.81590883,2560688918.228961
2021-09-22 02:00:00,5080.0,5100.0,4990.0,5020.0,1095991.60002271,5512694059.648995
2021-09-22 03:00:00,5020.0,5100.0,5005.0,5030.0,338111.90184134,1707386235.5955472
2021-09-22 04:00:00,5030.0,5075.0,5005.0,5030.0,220330.11577037,1110426551.452139
2021-09-22 05:00:00,5025.0,5065.0,4935.0,4940.0,842454.43323694,4190629064.283417
2021-09-22 06:00:00,4955.0,5040.0,4855.0,5000.0,1339217.98002369,6619570453.531511
2021-09-22 07:00:00,5000.0,5025.0,4840.0,4850.0,1141170.71859399,5627385258.898173
2021-09-22 08:00:00,4850.0,4910.0,4790.0,4845.0,1647194.63813158,7966950184.050117
2021-09-22 09:00:00,4845.0,4945.0,4685.0,4770.0,2801421.15344816,13436659006.34186
2021-09-22 10:00:00,4770.0,5025.0,4735.0,4990.0,2369030.38656833,11649764494.527216
2021-09-22 11:00:00,4995.0,5025.0,4960.0,5000.0,881222.71249064,4397139366.4521
2021-09-22 12:00:00,5000.0,5080.0,4985.0,5035.0,947142.86953559,4769765662.8707
2021-09-22 13:00:00,5040.0,5045.0,4945.0,4990.0,690641.05912541,3453013119.0107827
2021-09-22 14:00:00,4990.0,5040.0,4980.0,5010.0,659051.24565826,3300230979.6947026
2021-09-22 15:00:00,5010.0,5055.0,4980.0,5055.0,372193.4401939,1869389141.3570032
2021-09-22 16:00:00,5060.0,5125.0,5025.0,5085.0,867240.02745401,4411505385.483838
2021-09-22 17:00:00,5090.0,5090.0,5030.0,5050.0,612524.32296996,3098798467.85198
2021-09-22 18:00:00,5050.0,5085.0,5015.0,5055.0,488246.21158185,2464311157.8914456
2021-09-22 19:00:00,5055.0,5080.0,5000.0,5025.0,718181.11256866,3614701175.6964793
2021-09-22 20:00:00,5025.0,5050.0,4945.0,4965.0,759135.57663802,3785674700.8045692
2021-09-22 21:00:00,4970.0,5060.0,4965.0,5030.0,501395.06209036,2511520248.2120275
2021-09-22 22:00:00,5035.0,5110.0,5020.0,5055.0,601993.43827508,3044903532.286526
2021-09-22 23:00:00,5055.0,5090.0,5030.0,5050.0,532490.73803974,2693608661.89378
2021-09-23 00:00:00,5050.0,5160.0,5050.0,5155.0,966153.52260235,4946937585.284669
2021-09-23 01:00:00,5160.0,5195.0,5130.0,5185.0,858273.88566501,4433617614.592037
2021-09-23 02:00:00,5185.0,5195.0,5105.0,5125.0,654552.03234042,3364566712.77893
2021-09-23 03:00:00,5120.0,5255.0,5110.0,5155.0,1153695.67705671,6001007570.095553
2021-09-23 04:00:00,5155.0,5230.0,5155.0,5210.0,383812.0637921,1995877405.3335276
2021-09-23 05:00:00,5210.0,5260.0,5190.0,5250.0,345073.96161653,1804609849.7784214
2021-09-23 06:00:00,5255.0,5340.0,5230.0,5285.0,758207.92406064,4013670949.858676
2021-09-23 07:00:00,5290.0,5325.0,5260.0,5315.0,825604.39406849,4369695249.276539
2021-09-23 08:00:00,5315.0,5325.0,5275.0,5315.0,920702.00973862,4879021239.536651
2021-09-23 09:00:00,5315.0,5380.0,5265.0,5275.0,1763637.63694066,9381784446.814169
2021-09-23 10:00:00,5275.0,5340.0,5230.0,5325.0,851561.93340582,4488170046.430861
2021-09-23 11:00:00,5330.0,5355.0,5290.0,5340.0,428872.16726876,2285693744.71479
2021-09-23 12:00:00,5340.0,5400.0,5315.0,5380.0,680599.37133436,3650951298.216494
2021-09-23 13:00:00,5385.0,5395.0,5350.0,5350.0,475028.69326956,2555048940.166856
2021-09-23 14:00:00,5355.0,5370.0,5275.0,5315.0,751959.68836161,3994786142.4427314
2021-09-23 15:00:00,5315.0,5330.0,5225.0,5325.0,710643.77108974,3746533747.2627807
2021-09-23 16:00:00,5325.0,5325.0,5280.0,5305.0,335220.05115011,1777749592.6058238
2021-09-23 17:00:00,5300.0,5310.0,5235.0,5245.0,560108.3871442,2949615149.5824304
2021-09-23 18:00:00,5245.0,5265.0,5200.0,5215.0,696817.22130035,3643282137.8459387
2021-09-23 19:00:00,5215.0,5225.0,5120.0,5175.0,943833.80887335,4879805070.534229
2021-09-23 20:00:00,5175.0,5180.0,5080.0,5110.0,814550.75480763,4171245592.4662967
2021-09-23 21:00:00,5110.0,5175.0,5100.0,5130.0,537106.81930561,2757066692.5379515
2021-09-23 22:00:00,5135.0,5225.0,5125.0,5215.0,719415.50952478,3730083791.5405145
2021-09-23 23:00:00,5215.0,5265.0,5205.0,5240.0,432251.88773163,2261308180.2134385
2021-09-24 00:00:00,5240.0,5250.0,5170.0,5180.0,460627.39618326,2398782720.524705
2021-09-24 01:00:00,5175.0,5215.0,5165.0,5195.0,266691.78872993,1384281919.2628105
2021-09-24 02:00:00,5195.0,5290.0,5195.0,5260.0,271195.7996964,1426291456.2179165
2021-09-24 03:00:00,5270.0,5295.0,5245.0,5265.0,209700.0834024,1104678621.218826
2021-09-24 04:00:00,5275.0,5300.0,5265.0,5285.0,108386.45140608,572814657.6375602
2021-09-24 05:00:00,5280.0,5290.0,5230.0,5255.0,95870.91131088,503694698.4644725
2021-09-24 06:00:00,5255.0,5260.0,5215.0,5235.0,150627.72971761,789427194.2149143
2021-09-24 07:00:00,5240.0,5300.0,5235.0,5285.0,264226.45612075,1391634155.5465732
2021-09-24 08:00:00,5285.0,5315.0,5265.0,5300.0,405384.69395082,2144020242.411603
2021-09-24 09:00:00,5300.0,5315.0,5240.0,5245.0,665019.97013127,3511019644.7542744
2021-09-24 10:00:00,5250.0,5285.0,5215.0,5225.0,497372.07010148,2607693998.717477
2021-09-24 11:00:00,5225.0,5230.0,5190.0,5195.0,433241.84582778,2255930686.7984114
2021-09-24 12:00:00,5195.0,5215.0,5160.0,5170.0,328833.6539921,1706518332.90729
2021-09-24 13:00:00,5170.0,5190.0,5145.0,5155.0,404233.3928061,2086498036.891514
2021-09-24 14:00:00,5160.0,5160.0,5110.0,5110.0,203503.81943948,1045824050.0704478
